BillNo;Itemname;Quantity;Date;Price;CustomerID;Country,
536365;WHITE HANGING HEART T-LIGHT HOLDER;6;01.12.2010 08:26;2,55;17850;United Kingdom
536365;WHITE METAL LANTERN;6;01.12.2010 08:26;3,39;17850;United Kingdom
536365;CREAM CUPID HEARTS COAT HANGER;8;01.12.2010 08:26;2,75;17850;United Kingdom
536365;KNITTED UNION FLAG HOT WATER BOTTLE;6;01.12.2010 08:26;3,39;17850;United Kingdom
536365;RED WOOLLY HOTTIE WHITE HEART.;6;01.12.2010 08:26;3,39;17850;United Kingdom
536365;SET 7 BABUSHKA NESTING BOXES;2;01.12.2010 08:26;7,65;17850;United Kingdom
536365;GLASS STAR FROSTED T-LIGHT HOLDER;6;01.12.2010 08:26;4,25;17850;United Kingdom
536366;HAND WARMER UNION JACK;6;01.12.2010 08:28;1,85;17850;United Kingdom
536366;HAND WARMER RED POLKA DOT;6;01.12.2010 08:28;1,85;17850;United Kingdom
536367;ASSORTED COLOUR BIRD ORNAMENT;32;01.12.2010 08:34;1,69;13047;United Kingdom
536367;POPPY'S PLAYHOUSE BEDROOM;6;01.12.2010 08:34;2,1;13047;United Kingdom
536367;POPPY'S PLAYHOUSE KITCHEN;6;01.12.2010 08:34;2,1;13047;United Kingdom
536367;FELTCRAFT PRINCESS CHARLOTTE DOLL;8;01.12.2010 08:34;3,75;13047;United Kingdom
536367;IVORY KNITTED MUG COSY;6;01.12.2010 08:34;1,65;13047;United Kingdom
536367;BOX OF 6 ASSORTED COLOUR TEASPOONS;6;01.12.2010 08:34;4,25;13047;United Kingdom
536367;BOX OF VINTAGE JIGSAW BLOCKS;3;01.12.2010 08:34;4,95;13047;United Kingdom
536367;BOX OF VINTAGE ALPHABET BLOCKS;2;01.12.2010 08:34;9,95;13047;United Kingdom
536367;HOME BUILDING BLOCK WORD;3;01.12.2010 08:34;5,95;13047;United Kingdom
536367;LOVE BUILDING BLOCK WORD;3;01.12.2010 08:34;5,95;13047;United Kingdom
536367;RECIPE BOX WITH METAL HEART;4;01.12.2010 08:34;7,95;13047;United Kingdom
536367;DOORMAT NEW ENGLAND;4;01.12.2010 08:34;7,95;13047;United Kingdom
536368;JAM MAKING SET WITH JARS;6;01.12.2010 08:34;4,25;13047;United Kingdom
536368;RED COAT RACK PARIS FASHION;3;01.12.2010 08:34;4,95;13047;United Kingdom
536368;YELLOW COAT RACK PARIS FASHION;3;01.12.2010 08:34;4,95;13047;United Kingdom
536368;BLUE COAT RACK PARIS FASHION;3;01.12.2010 08:34;4,95;13047;United Kingdom
536369;BATH BUILDING BLOCK WORD;3;01.12.2010 08:35;5,95;13047;United Kingdom
536370;ALARM CLOCK BAKELIKE PINK;24;01.12.2010 08:45;3,75;12583;France
536370;ALARM CLOCK BAKELIKE RED;24;01.12.2010 08:45;3,75;12583;France
536370;ALARM CLOCK BAKELIKE GREEN;12;01.12.2010 08:45;3,75;12583;France
536370;PANDA AND BUNNIES STICKER SHEET;12;01.12.2010 08:45;0,85;12583;France
536370;STARS GIFT TAPE;24;01.12.2010 08:45;0,65;12583;France
536370;INFLATABLE POLITICAL GLOBE;48;01.12.2010 08:45;0,85;12583;France
536370;VINTAGE HEADS AND TAILS CARD GAME;24;01.12.2010 08:45;1,25;12583;France
536370;SET/2 RED RETROSPOT TEA TOWELS;18;01.12.2010 08:45;2,95;12583;France
536370;ROUND SNACK BOXES SET OF4 WOODLAND;24;01.12.2010 08:45;2,95;12583;France
536370;SPACEBOY LUNCH BOX;24;01.12.2010 08:45;1,95;12583;France
536370;LUNCH BOX I LOVE LONDON;24;01.12.2010 08:45;1,95;12583;France
536370;CIRCUS PARADE LUNCH BOX;24;01.12.2010 08:45;1,95;12583;France
536370;CHARLOTTE BAG DOLLY GIRL DESIGN;20;01.12.2010 08:45;0,85;12583;France
536370;RED TOADSTOOL LED NIGHT LIGHT;24;01.12.2010 08:45;1,65;12583;France
536370;SET 2 TEA TOWELS I LOVE LONDON;24;01.12.2010 08:45;2,95;12583;France
536370;VINTAGE SEASIDE JIGSAW PUZZLES;12;01.12.2010 08:45;3,75;12583;France
536370;MINI JIGSAW CIRCUS PARADE;24;01.12.2010 08:45;0,42;12583;France
536370;MINI JIGSAW SPACEBOY;24;01.12.2010 08:45;0,42;12583;France
536370;MINI PAINT SET VINTAGE;36;01.12.2010 08:45;0,65;12583;France
536370;POSTAGE;3;01.12.2010 08:45;18;12583;France,
536371;PAPER CHAIN KIT 50'S CHRISTMAS;80;01.12.2010 09:00;2,55;13748;United Kingdom
536372;HAND WARMER RED POLKA DOT;6;01.12.2010 09:01;1,85;17850;United Kingdom
536372;HAND WARMER UNION JACK;6;01.12.2010 09:01;1,85;17850;United Kingdom
536373;WHITE HANGING HEART T-LIGHT HOLDER;6;01.12.2010 09:02;2,55;17850;United Kingdom
536373;WHITE METAL LANTERN;6;01.12.2010 09:02;3,39;17850;United Kingdom
536373;CREAM CUPID HEARTS COAT HANGER;8;01.12.2010 09:02;2,75;17850;United Kingdom
536373;EDWARDIAN PARASOL RED;6;01.12.2010 09:02;4,95;17850;United Kingdom
536373;RETRO COFFEE MUGS ASSORTED;6;01.12.2010 09:02;1,06;17850;United Kingdom
536373;SAVE THE PLANET MUG;6;01.12.2010 09:02;1,06;17850;United Kingdom
536373;VINTAGE BILLBOARD DRINK ME MUG;6;01.12.2010 09:02;1,06;17850;United Kingdom
536373;VINTAGE BILLBOARD LOVE/HATE MUG;6;01.12.2010 09:02;1,06;17850;United Kingdom
536373;WOOD 2 DRAWER CABINET WHITE FINISH;2;01.12.2010 09:02;4,95;17850;United Kingdom
536373;WOOD S/3 CABINET ANT WHITE FINISH;4;01.12.2010 09:02;6,95;17850;United Kingdom
536373;WOODEN PICTURE FRAME WHITE FINISH;6;01.12.2010 09:02;2,1;17850;United Kingdom
536373;WOODEN FRAME ANTIQUE WHITE;6;01.12.2010 09:02;2,55;17850;United Kingdom
536373;KNITTED UNION FLAG HOT WATER BOTTLE;6;01.12.2010 09:02;3,39;17850;United Kingdom
536373;RED WOOLLY HOTTIE WHITE HEART.;6;01.12.2010 09:02;3,39;17850;United Kingdom
536373;SET 7 BABUSHKA NESTING BOXES;2;01.12.2010 09:02;7,65;17850;United Kingdom
536373;GLASS STAR FROSTED T-LIGHT HOLDER;6;01.12.2010 09:02;4,25;17850;United Kingdom
536374;VICTORIAN SEWING BOX LARGE;32;01.12.2010 09:09;10,95;15100;United Kingdom
536375;WHITE HANGING HEART T-LIGHT HOLDER;6;01.12.2010 09:32;2,55;17850;United Kingdom
536375;WHITE METAL LANTERN;6;01.12.2010 09:32;3,39;17850;United Kingdom
536375;CREAM CUPID HEARTS COAT HANGER;8;01.12.2010 09:32;2,75;17850;United Kingdom
536375;EDWARDIAN PARASOL RED;6;01.12.2010 09:32;4,95;17850;United Kingdom
536375;RETRO COFFEE MUGS ASSORTED;6;01.12.2010 09:32;1,06;17850;United Kingdom
536375;SAVE THE PLANET MUG;6;01.12.2010 09:32;1,06;17850;United Kingdom
536375;VINTAGE BILLBOARD DRINK ME MUG;6;01.12.2010 09:32;1,06;17850;United Kingdom
536375;VINTAGE BILLBOARD LOVE/HATE MUG;6;01.12.2010 09:32;1,06;17850;United Kingdom
536375;WOOD 2 DRAWER CABINET WHITE FINISH;2;01.12.2010 09:32;4,95;17850;United Kingdom
536375;WOOD S/3 CABINET ANT WHITE FINISH;4;01.12.2010 09:32;6,95;17850;United Kingdom
536375;WOODEN PICTURE FRAME WHITE FINISH;6;01.12.2010 09:32;2,1;17850;United Kingdom
536375;WOODEN FRAME ANTIQUE WHITE;6;01.12.2010 09:32;2,55;17850;United Kingdom
536375;KNITTED UNION FLAG HOT WATER BOTTLE;6;01.12.2010 09:32;3,39;17850;United Kingdom
536375;RED WOOLLY HOTTIE WHITE HEART.;6;01.12.2010 09:32;3,39;17850;United Kingdom
536375;SET 7 BABUSHKA NESTING BOXES;2;01.12.2010 09:32;7,65;17850;United Kingdom
536375;GLASS STAR FROSTED T-LIGHT HOLDER;6;01.12.2010 09:32;4,25;17850;United Kingdom
536376;HOT WATER BOTTLE TEA AND SYMPATHY;48;01.12.2010 09:32;3,45;15291;United Kingdom
536376;RED HANGING HEART T-LIGHT HOLDER;64;01.12.2010 09:32;2,55;15291;United Kingdom
536377;HAND WARMER RED POLKA DOT;6;01.12.2010 09:34;1,85;17850;United Kingdom
536377;HAND WARMER UNION JACK;6;01.12.2010 09:34;1,85;17850;United Kingdom
536378;JUMBO BAG PINK POLKADOT;10;01.12.2010 09:37;1,95;14688;United Kingdom
536378;JUMBO  BAG BAROQUE BLACK WHITE;10;01.12.2010 09:37;1,95;14688;United Kingdom
536378;JUMBO BAG CHARLIE AND LOLA TOYS;10;01.12.2010 09:37;2,95;14688;United Kingdom
536378;STRAWBERRY CHARLOTTE BAG;10;01.12.2010 09:37;0,85;14688;United Kingdom
536378;RED 3 PIECE RETROSPOT CUTLERY SET;12;01.12.2010 09:37;3,75;14688;United Kingdom
536378;BLUE 3 PIECE POLKADOT CUTLERY SET;6;01.12.2010 09:37;3,75;14688;United Kingdom
536378;SET/6 RED SPOTTY PAPER PLATES;12;01.12.2010 09:37;0,85;14688;United Kingdom
536378;LUNCH BAG RED RETROSPOT;10;01.12.2010 09:37;1,65;14688;United Kingdom
536378;STRAWBERRY LUNCH BOX WITH CUTLERY;6;01.12.2010 09:37;2,55;14688;United Kingdom
536378;LUNCH BOX WITH CUTLERY RETROSPOT;6;01.12.2010 09:37;2,55;14688;United Kingdom
536378;PACK OF 72 RETROSPOT CAKE CASES;120;01.12.2010 09:37;0,42;14688;United Kingdom
536378;PACK OF 60 DINOSAUR CAKE CASES;24;01.12.2010 09:37;0,55;14688;United Kingdom
536378;PACK OF 60 PINK PAISLEY CAKE CASES;24;01.12.2010 09:37;0,55;14688;United Kingdom
536378;60 TEATIME FAIRY CAKE CASES;24;01.12.2010 09:37;0,55;14688;United Kingdom
536378;TOMATO CHARLIE+LOLA COASTER SET;6;01.12.2010 09:37;2,95;14688;United Kingdom
536378;CHARLIE & LOLA WASTEPAPER BIN FLORA;48;01.12.2010 09:37;1,25;14688;United Kingdom
536378;RED CHARLIE+LOLA PERSONAL DOORSIGN;96;01.12.2010 09:37;0,38;14688;United Kingdom
536378;JUMBO STORAGE BAG SUKI;10;01.12.2010 09:37;1,95;14688;United Kingdom
536378;JUMBO BAG PINK VINTAGE PAISLEY;10;01.12.2010 09:37;1,95;14688;United Kingdom
536380;JAM MAKING SET PRINTED;24;01.12.2010 09:41;1,45;17809;United Kingdom
536381;RETROSPOT TEA SET CERAMIC 11 PC;23;01.12.2010 09:41;4,25;15311;United Kingdom
536381;GIRLY PINK TOOL SET;5;01.12.2010 09:41;4,95;15311;United Kingdom
536381;JUMBO SHOPPER VINTAGE RED PAISLEY;10;01.12.2010 09:41;1,95;15311;United Kingdom
536381;AIRLINE LOUNGE,METAL SIGN;2;01.12.2010 09:41;2
536381;WHITE SPOT RED CERAMIC DRAWER KNOB;6;01.12.2010 09:41;1,25;15311;United Kingdom
536381;RED DRAWER KNOB ACRYLIC EDWARDIAN;24;01.12.2010 09:41;1,25;15311;United Kingdom
536381;CLEAR DRAWER KNOB ACRYLIC EDWARDIAN;24;01.12.2010 09:41;1,25;15311;United Kingdom
536381;PHOTO CLIP LINE;1;01.12.2010 09:41;1,25;15311;United Kingdom
536381;FELT EGG COSY CHICKEN;1;01.12.2010 09:41;0,85;15311;United Kingdom
536381;PIGGY BANK RETROSPOT;1;01.12.2010 09:41;2,55;15311;United Kingdom
536381;SKULL SHOULDER BAG;10;01.12.2010 09:41;1,65;15311;United Kingdom
536381;YOU'RE CONFUSING ME METAL SIGN;3;01.12.2010 09:41;1,69;15311;United Kingdom
536381;COOK WITH WINE METAL SIGN;1;01.12.2010 09:41;1,95;15311;United Kingdom
536381;GIN + TONIC DIET METAL SIGN;2;01.12.2010 09:41;2,1;15311;United Kingdom
536381;YELLOW BREAKFAST CUP AND SAUCER;1;01.12.2010 09:41;2,95;15311;United Kingdom
536381;PINK BREAKFAST CUP AND SAUCER;1;01.12.2010 09:41;2,95;15311;United Kingdom
536381;PAPER CHAIN KIT 50'S CHRISTMAS;4;01.12.2010 09:41;2,95;15311;United Kingdom
536381;PAPER CHAIN KIT RETROSPOT;1;01.12.2010 09:41;2,95;15311;United Kingdom
536381;SMALL HEART FLOWERS HOOK;6;01.12.2010 09:41;0,85;15311;United Kingdom
536381;PHOTO CLIP LINE;3;01.12.2010 09:41;1,25;15311;United Kingdom
536381;TEA TIME DES TEA COSY;2;01.12.2010 09:41;2,55;15311;United Kingdom
536381;FELT EGG COSY WHITE RABBIT;1;01.12.2010 09:41;0,85;15311;United Kingdom
536381;ZINC WILLIE WINKIE  CANDLE STICK;1;01.12.2010 09:41;0,85;15311;United Kingdom
536381;CERAMIC CHERRY CAKE MONEY BANK;1;01.12.2010 09:41;1,45;15311;United Kingdom
536381;RETROSPOT LARGE MILK JUG;1;01.12.2010 09:41;4,95;15311;United Kingdom
536381;SET OF 6 FUNKY BEAKERS;2;01.12.2010 09:41;2,95;15311;United Kingdom
536381;EDWARDIAN PARASOL BLACK;2;01.12.2010 09:41;5,95;15311;United Kingdom
536381;EDWARDIAN PARASOL NATURAL;2;01.12.2010 09:41;5,95;15311;United Kingdom
536381;CERAMIC STRAWBERRY CAKE MONEY BANK;4;01.12.2010 09:41;1,45;15311;United Kingdom
536381;BLUE OWL SOFT TOY;1;01.12.2010 09:41;2,95;15311;United Kingdom
536381;BALLOON ART MAKE YOUR OWN FLOWERS;1;01.12.2010 09:41;1,95;15311;United Kingdom
536381;RED TOADSTOOL LED NIGHT LIGHT;2;01.12.2010 09:41;1,65;15311;United Kingdom
536381;GLASS CLOCHE SMALL;3;01.12.2010 09:41;3,95;15311;United Kingdom
536381;GUMBALL MONOCHROME COAT RACK;36;01.12.2010 09:41;1,06;15311;United Kingdom
536381;DOORMAT FANCY FONT HOME SWEET HOME;10;01.12.2010 09:41;6,75;15311;United Kingdom
536382;INFLATABLE POLITICAL GLOBE;12;01.12.2010 09:45;0,85;16098;United Kingdom
536382;VINTAGE SNAKES & LADDERS;8;01.12.2010 09:45;3,75;16098;United Kingdom
536382;CHOCOLATE CALCULATOR;12;01.12.2010 09:45;1,65;16098;United Kingdom
536382;JUMBO SHOPPER VINTAGE RED PAISLEY;10;01.12.2010 09:45;1,95;16098;United Kingdom
536382;RECYCLING BAG RETROSPOT;10;01.12.2010 09:45;2,1;16098;United Kingdom
536382;TOY TIDY PINK POLKADOT;50;01.12.2010 09:45;1,85;16098;United Kingdom
536382;ANTIQUE GLASS DRESSING TABLE POT;8;01.12.2010 09:45;2,95;16098;United Kingdom
536382;ALARM CLOCK BAKELIKE GREEN;4;01.12.2010 09:45;3,75;16098;United Kingdom
536382;IVORY GIANT GARDEN THERMOMETER;12;01.12.2010 09:45;5,95;16098;United Kingdom
536382;3 TIER CAKE TIN GREEN AND CREAM;2;01.12.2010 09:45;14,95;16098;United Kingdom
536382;3 TIER CAKE TIN RED AND CREAM;2;01.12.2010 09:45;14,95;16098;United Kingdom
536382;SET 3 WICKER OVAL BASKETS W LIDS;4;01.12.2010 09:45;16,95;16098;United Kingdom
536384;WOOD BLACK BOARD ANT WHITE FINISH;3;01.12.2010 09:53;6,45;18074;United Kingdom
536384;COLOUR GLASS T-LIGHT HOLDER HANGING;48;01.12.2010 09:53;0,65;18074;United Kingdom
536384;HANGING METAL HEART LANTERN;12;01.12.2010 09:53;1,65;18074;United Kingdom
536384;HANGING MEDINA LANTERN SMALL;6;01.12.2010 09:53;2,95;18074;United Kingdom
536384;NATURAL SLATE HEART CHALKBOARD;12;01.12.2010 09:53;2,95;18074;United Kingdom
536384;HEART OF WICKER SMALL;40;01.12.2010 09:53;1,45;18074;United Kingdom
536384;HEART OF WICKER LARGE;40;01.12.2010 09:53;2,55;18074;United Kingdom
536384;WHITE LOVEBIRD LANTERN;6;01.12.2010 09:53;2,95;18074;United Kingdom
536384;CLASSIC METAL BIRDCAGE PLANT HOLDER;2;01.12.2010 09:53;12,75;18074;United Kingdom
536384;CREAM HEART CARD HOLDER;4;01.12.2010 09:53;3,95;18074;United Kingdom
536384;ENAMEL FLOWER JUG CREAM;3;01.12.2010 09:53;5,95;18074;United Kingdom
536384;ENAMEL FIRE BUCKET CREAM;6;01.12.2010 09:53;6,95;18074;United Kingdom
536384;ENAMEL BREAD BIN CREAM;8;01.12.2010 09:53;10,95;18074;United Kingdom
536385;SET 3 WICKER OVAL BASKETS W LIDS;1;01.12.2010 09:56;19,95;17420;United Kingdom
536385;JAM MAKING SET PRINTED;12;01.12.2010 09:56;1,45;17420;United Kingdom
536385;JAM MAKING SET WITH JARS;6;01.12.2010 09:56;4,25;17420;United Kingdom
536385;JUMBO BAG DOLLY GIRL DESIGN;10;01.12.2010 09:56;1,95;17420;United Kingdom
536385;TRADITIONAL CHRISTMAS RIBBONS;12;01.12.2010 09:56;1,25;17420;United Kingdom
536385;ORGANISER WOOD ANTIQUE WHITE;2;01.12.2010 09:56;8,5;17420;United Kingdom
536385;LUNCH BAG DOLLY GIRL DESIGN;10;01.12.2010 09:56;1,65;17420;United Kingdom
536386;WHITE WIRE EGG HOLDER;36;01.12.2010 09:57;4,95;16029;United Kingdom
536386;JUMBO  BAG BAROQUE BLACK WHITE;100;01.12.2010 09:57;1,65;16029;United Kingdom
536386;JUMBO BAG RED RETROSPOT;100;01.12.2010 09:57;1,65;16029;United Kingdom
536387;CHILLI LIGHTS;192;01.12.2010 09:58;3,82;16029;United Kingdom
536387;LIGHT GARLAND BUTTERFILES PINK;192;01.12.2010 09:58;3,37;16029;United Kingdom
536387;WOODEN OWLS LIGHT GARLAND;192;01.12.2010 09:58;3,37;16029;United Kingdom
536387;FAIRY TALE COTTAGE NIGHTLIGHT;432;01.12.2010 09:58;1,45;16029;United Kingdom
536387;RED TOADSTOOL LED NIGHT LIGHT;432;01.12.2010 09:58;1,25;16029;United Kingdom
536388;HOME BUILDING BLOCK WORD;3;01.12.2010 09:59;5,95;16250;United Kingdom
536388;LOVE BUILDING BLOCK WORD;3;01.12.2010 09:59;5,95;16250;United Kingdom
536388;DOORMAT FANCY FONT HOME SWEET HOME;2;01.12.2010 09:59;7,95;16250;United Kingdom
536388;HOME SMALL WOOD LETTERS;3;01.12.2010 09:59;4,95;16250;United Kingdom
536388;GINGHAM HEART  DOORSTOP RED;3;01.12.2010 09:59;4,25;16250;United Kingdom
536388;FIVE HEART HANGING DECORATION;6;01.12.2010 09:59;2,95;16250;United Kingdom
536388;HANGING METAL HEART LANTERN;12;01.12.2010 09:59;1,65;16250;United Kingdom
536388;ASSORTED BOTTLE TOP  MAGNETS;12;01.12.2010 09:59;0,42;16250;United Kingdom
536388;FRIDGE MAGNETS US DINER ASSORTED;12;01.12.2010 09:59;0,85;16250;United Kingdom
536388;HOMEMADE JAM SCENTED CANDLES;12;01.12.2010 09:59;1,45;16250;United Kingdom
536388;FRIDGE MAGNETS LES ENFANTS ASSORTED;12;01.12.2010 09:59;0,85;16250;United Kingdom
536388;ROSE CARAVAN DOORSTOP;4;01.12.2010 09:59;6,75;16250;United Kingdom
536388;HEART OF WICKER SMALL;12;01.12.2010 09:59;1,65;16250;United Kingdom
536388;5 HOOK HANGER MAGIC TOADSTOOL;12;01.12.2010 09:59;1,65;16250;United Kingdom
536389;CHRISTMAS LIGHTS 10 REINDEER;6;01.12.2010 10:03;8,5;12431;Australia
536389;VINTAGE UNION JACK CUSHION COVER;8;01.12.2010 10:03;4,95;12431;Australia
536389;VINTAGE HEADS AND TAILS CARD GAME;12;01.12.2010 10:03;1,25;12431;Australia
536389;SET OF 3 COLOURED  FLYING DUCKS;6;01.12.2010 10:03;5,45;12431;Australia
536389;SET OF 3 GOLD FLYING DUCKS;4;01.12.2010 10:03;6,35;12431;Australia
536389;RED RETROSPOT UMBRELLA;6;01.12.2010 10:03;5,95;12431;Australia
536389;BLACK/BLUE POLKADOT UMBRELLA;3;01.12.2010 10:03;5,95;12431;Australia
536389;RED DINER WALL CLOCK;2;01.12.2010 10:03;8,5;12431;Australia
536389;ALARM CLOCK BAKELIKE GREEN;4;01.12.2010 10:03;3,75;12431;Australia
536389;ALARM CLOCK BAKELIKE RED;4;01.12.2010 10:03;3,75;12431;Australia
536389;BLUE DINER WALL CLOCK;2;01.12.2010 10:03;8,5;12431;Australia
536389;IVORY DINER WALL CLOCK;2;01.12.2010 10:03;8,5;12431;Australia
536389;LARGE HEART MEASURING SPOONS;24;01.12.2010 10:03;1,65;12431;Australia
536389;SMALL HEART MEASURING SPOONS;24;01.12.2010 10:03;0,85;12431;Australia
536390;CHRISTMAS LIGHTS 10 REINDEER;2;01.12.2010 10:19;8,5;17511;United Kingdom
536390;JAM MAKING SET WITH JARS;12;01.12.2010 10:19;3,75;17511;United Kingdom
536390;JAM MAKING SET PRINTED;12;01.12.2010 10:19;1,45;17511;United Kingdom
536390;JAM JAR WITH PINK LID;48;01.12.2010 10:19;0,72;17511;United Kingdom
536390;JAM JAR WITH GREEN LID;48;01.12.2010 10:19;0,72;17511;United Kingdom
536390;ROSE COTTAGE KEEPSAKE BOX;8;01.12.2010 10:19;8,5;17511;United Kingdom
536390;HANGING HEART ZINC T-LIGHT HOLDER;144;01.12.2010 10:19;0,64;17511;United Kingdom
536390;PAPER CHAIN KIT VINTAGE CHRISTMAS;40;01.12.2010 10:19;2,55;17511;United Kingdom
536390;DISCO BALL CHRISTMAS DECORATION;288;01.12.2010 10:19;0,1;17511;United Kingdom
536390;WHITE HANGING HEART T-LIGHT HOLDER;64;01.12.2010 10:19;2,55;17511;United Kingdom
536390;SMALL POPCORN HOLDER;100;01.12.2010 10:19;0,72;17511;United Kingdom
536390;LARGE POPCORN HOLDER;50;01.12.2010 10:19;1,45;17511;United Kingdom
536390;RETROSPOT LARGE MILK JUG;12;01.12.2010 10:19;4,25;17511;United Kingdom
536390;SET/20 RED RETROSPOT PAPER NAPKINS;96;01.12.2010 10:19;0,64;17511;United Kingdom
536390;SET/6 RED SPOTTY PAPER PLATES;96;01.12.2010 10:19;0,64;17511;United Kingdom
536390;SET/6 RED SPOTTY PAPER CUPS;48;01.12.2010 10:19;0,65;17511;United Kingdom
536390;POLKADOT RAIN HAT;144;01.12.2010 10:19;0,32;17511;United Kingdom
536390;DELUXE SEWING KIT;40;01.12.2010 10:19;4,95;17511;United Kingdom
536390;RETROSPOT HEART HOT WATER BOTTLE;24;01.12.2010 10:19;4,25;17511;United Kingdom
536390;KNITTED UNION FLAG HOT WATER BOTTLE;24;01.12.2010 10:19;3,39;17511;United Kingdom
536390;ENGLISH ROSE HOT WATER BOTTLE;24;01.12.2010 10:19;3,75;17511;United Kingdom
536390;PHOTO CUBE;48;01.12.2010 10:19;1,48;17511;United Kingdom
536390;HOMEMADE JAM SCENTED CANDLES;96;01.12.2010 10:19;1,25;17511;United Kingdom
536390;JUMBO BAG RED RETROSPOT;100;01.12.2010 10:19;1,65;17511;United Kingdom
536392;3 STRIPEY MICE FELTCRAFT;6;01.12.2010 10:29;1,95;13705;United Kingdom
536392;SET OF 6 SOLDIER SKITTLES;4;01.12.2010 10:29;3,75;13705;United Kingdom
536392;TRADITIONAL WOODEN SKIPPING ROPE;12;01.12.2010 10:29;1,25;13705;United Kingdom
536392;WOODEN BOX OF DOMINOES;12;01.12.2010 10:29;1,25;13705;United Kingdom
536392;RUSTIC  SEVENTEEN DRAWER SIDEBOARD;1;01.12.2010 10:29;165;13705;United Kingdom,
536392;PARTY CONES CARNIVAL ASSORTED;12;01.12.2010 10:29;1,25;13705;United Kingdom
536392;PARTY CONES CANDY ASSORTED;12;01.12.2010 10:29;1,25;13705;United Kingdom
536392;PICNIC BASKET WICKER SMALL;4;01.12.2010 10:29;5,95;13705;United Kingdom
536392;ASSORTED COLOUR BIRD ORNAMENT;16;01.12.2010 10:29;1,69;13705;United Kingdom
536392;STAR DECORATION PAINTED ZINC;24;01.12.2010 10:29;0,65;13705;United Kingdom
536393;RETROSPOT LAMP;8;01.12.2010 10:37;9,95;13747;United Kingdom
536394;FANCY FONT BIRTHDAY CARD,;24;01.12.2010 10:39;0
536394;HAND WARMER UNION JACK;96;01.12.2010 10:39;1,85;13408;United Kingdom
536394;HAND WARMER SCOTTY DOG DESIGN;96;01.12.2010 10:39;1,85;13408;United Kingdom
536394;HAND WARMER OWL DESIGN;96;01.12.2010 10:39;1,85;13408;United Kingdom
536394;HAND WARMER RED RETROSPOT;96;01.12.2010 10:39;1,85;13408;United Kingdom
536394;RETROSPOT HEART HOT WATER BOTTLE;12;01.12.2010 10:39;4,95;13408;United Kingdom
536394;DOG BOWL CHASING BALL DESIGN;12;01.12.2010 10:39;3,75;13408;United Kingdom
536394;CLOTHES PEGS RETROSPOT PACK 24;48;01.12.2010 10:39;1,25;13408;United Kingdom
536394;HAND OVER THE CHOCOLATE   SIGN;12;01.12.2010 10:39;2,1;13408;United Kingdom
536394;WHITE HANGING HEART T-LIGHT HOLDER;32;01.12.2010 10:39;2,55;13408;United Kingdom
536394;TRAVEL SEWING KIT;20;01.12.2010 10:39;1,65;13408;United Kingdom
536395;BLACK HEART CARD HOLDER;8;01.12.2010 10:47;3,95;13767;United Kingdom
536395;ASSORTED COLOUR BIRD ORNAMENT;32;01.12.2010 10:47;1,69;13767;United Kingdom
536395;PACK OF 60 PINK PAISLEY CAKE CASES;24;01.12.2010 10:47;0,55;13767;United Kingdom
536395;60 TEATIME FAIRY CAKE CASES;24;01.12.2010 10:47;0,55;13767;United Kingdom
536395;PACK OF 72 RETROSPOT CAKE CASES;24;01.12.2010 10:47;0,55;13767;United Kingdom
536395;CHICK GREY HOT WATER BOTTLE;8;01.12.2010 10:47;3,45;13767;United Kingdom
536395;SMALL GLASS HEART TRINKET POT;8;01.12.2010 10:47;2,1;13767;United Kingdom
536395;ALARM CLOCK BAKELIKE IVORY;4;01.12.2010 10:47;3,75;13767;United Kingdom
536395;ALARM CLOCK BAKELIKE RED;8;01.12.2010 10:47;3,75;13767;United Kingdom
536395;ALARM CLOCK BAKELIKE ORANGE;8;01.12.2010 10:47;3,75;13767;United Kingdom
536395;ALARM CLOCK BAKELIKE GREEN;8;01.12.2010 10:47;3,75;13767;United Kingdom
536395;HOT WATER BOTTLE TEA AND SYMPATHY;8;01.12.2010 10:47;3,95;13767;United Kingdom
536395;HAND WARMER BIRD DESIGN;48;01.12.2010 10:47;2,1;13767;United Kingdom
536395;HAND WARMER SCOTTY DOG DESIGN;48;01.12.2010 10:47;2,1;13767;United Kingdom
536396;WHITE HANGING HEART T-LIGHT HOLDER;6;01.12.2010 10:51;2,55;17850;United Kingdom
536396;WHITE METAL LANTERN;6;01.12.2010 10:51;3,39;17850;United Kingdom
536396;CREAM CUPID HEARTS COAT HANGER;8;01.12.2010 10:51;2,75;17850;United Kingdom
536396;EDWARDIAN PARASOL BLACK;6;01.12.2010 10:51;4,95;17850;United Kingdom
536396;EDWARDIAN PARASOL RED;6;01.12.2010 10:51;4,95;17850;United Kingdom
536396;RETRO COFFEE MUGS ASSORTED;6;01.12.2010 10:51;1,06;17850;United Kingdom
536396;SAVE THE PLANET MUG;6;01.12.2010 10:51;1,06;17850;United Kingdom
536396;VINTAGE BILLBOARD DRINK ME MUG;6;01.12.2010 10:51;1,06;17850;United Kingdom
536396;VINTAGE BILLBOARD LOVE/HATE MUG;6;01.12.2010 10:51;1,06;17850;United Kingdom
536396;WOOD 2 DRAWER CABINET WHITE FINISH;2;01.12.2010 10:51;4,95;17850;United Kingdom
536396;WOOD S/3 CABINET ANT WHITE FINISH;4;01.12.2010 10:51;6,95;17850;United Kingdom
536396;WOODEN PICTURE FRAME WHITE FINISH;6;01.12.2010 10:51;2,1;17850;United Kingdom
536396;WOODEN FRAME ANTIQUE WHITE;12;01.12.2010 10:51;2,55;17850;United Kingdom
536396;KNITTED UNION FLAG HOT WATER BOTTLE;6;01.12.2010 10:51;3,39;17850;United Kingdom
536396;RED WOOLLY HOTTIE WHITE HEART.;6;01.12.2010 10:51;3,39;17850;United Kingdom
536396;SET 7 BABUSHKA NESTING BOXES;2;01.12.2010 10:51;7,65;17850;United Kingdom
536396;IVORY EMBROIDERED QUILT;2;01.12.2010 10:51;35,75;17850;United Kingdom
536396;GLASS STAR FROSTED T-LIGHT HOLDER;6;01.12.2010 10:51;4,25;17850;United Kingdom
536397;SET OF 3 BLACK FLYING DUCKS;12;01.12.2010 10:51;4,65;17924;United Kingdom
536397;SET OF 3 COLOURED  FLYING DUCKS;48;01.12.2010 10:51;4,65;17924;United Kingdom
536398;PACK OF 12 RED RETROSPOT TISSUES;24;01.12.2010 10:52;0,29;13448;United Kingdom
536398;RED RETROSPOT MUG;6;01.12.2010 10:52;2,95;13448;United Kingdom
536398;BABUSHKA LIGHTS STRING OF 10;4;01.12.2010 10:52;6,75;13448;United Kingdom
536398;PIGGY BANK RETROSPOT;8;01.12.2010 10:52;2,55;13448;United Kingdom
536398;SET 7 BABUSHKA NESTING BOXES;6;01.12.2010 10:52;8,5;13448;United Kingdom
536398;DOORMAT FAIRY CAKE;2;01.12.2010 10:52;7,95;13448;United Kingdom
536398;HAND WARMER RED RETROSPOT;12;01.12.2010 10:52;2,1;13448;United Kingdom
536398;HAND WARMER SCOTTY DOG DESIGN;12;01.12.2010 10:52;2,1;13448;United Kingdom
536398;HAND WARMER OWL DESIGN;12;01.12.2010 10:52;2,1;13448;United Kingdom
536398;STRAWBERRY CERAMIC TRINKET BOX;12;01.12.2010 10:52;1,25;13448;United Kingdom
536398;PINK DOUGHNUT TRINKET POT;12;01.12.2010 10:52;1,65;13448;United Kingdom
536398;SILK PURSE BABUSHKA PINK;6;01.12.2010 10:52;3,35;13448;United Kingdom
536398;HOT WATER BOTTLE TEA AND SYMPATHY;4;01.12.2010 10:52;3,95;13448;United Kingdom
536398;HOT WATER BOTTLE I AM SO POORLY;8;01.12.2010 10:52;4,65;13448;United Kingdom
536398;CHOCOLATE HOT WATER BOTTLE;9;01.12.2010 10:52;4,95;13448;United Kingdom
536398;WHITE SKULL HOT WATER BOTTLE;4;01.12.2010 10:52;3,75;13448;United Kingdom
536398;SCOTTIE DOG HOT WATER BOTTLE;9;01.12.2010 10:52;4,95;13448;United Kingdom
536399;HAND WARMER RED POLKA DOT;6;01.12.2010 10:52;1,85;17850;United Kingdom
536399;HAND WARMER UNION JACK;6;01.12.2010 10:52;1,85;17850;United Kingdom
536400;HOMEMADE JAM SCENTED CANDLES;12;01.12.2010 10:53;1,45;13448;United Kingdom
536401;BIRD HOUSE HOT WATER BOTTLE;1;01.12.2010 11:21;2,55;15862;United Kingdom
536401;BOUDOIR SQUARE TISSUE BOX;1;01.12.2010 11:21;1,25;15862;United Kingdom
536401;SKULLS SQUARE TISSUE BOX;2;01.12.2010 11:21;1,25;15862;United Kingdom
536401;PHOTO FRAME CORNICE;1;01.12.2010 11:21;2,95;15862;United Kingdom
536401;SILK PURSE BABUSHKA RED;1;01.12.2010 11:21;3,35;15862;United Kingdom
536401;PICTURE DOMINOES;1;01.12.2010 11:21;1,45;15862;United Kingdom
536401;S/6 SEW ON CROCHET FLOWERS;1;01.12.2010 11:21;1,25;15862;United Kingdom
536401;SCANDINAVIAN REDS RIBBONS;2;01.12.2010 11:21;1,25;15862;United Kingdom
536401;BALLOONS  WRITING SET;1;01.12.2010 11:21;1,65;15862;United Kingdom
536401;JAM MAKING SET PRINTED;4;01.12.2010 11:21;1,45;15862;United Kingdom
536401;LAVENDER INCENSE IN TIN;1;01.12.2010 11:21;1,25;15862;United Kingdom
536401;TV DINNER TRAY VINTAGE PAISLEY;1;01.12.2010 11:21;4,95;15862;United Kingdom
536401;SET OF 4 ENGLISH ROSE PLACEMATS;2;01.12.2010 11:21;3,75;15862;United Kingdom
536401;SET OF 4 ENGLISH ROSE COASTERS;2;01.12.2010 11:21;1,25;15862;United Kingdom
536401;TRIPLE PHOTO FRAME CORNICE;2;01.12.2010 11:21;9,95;15862;United Kingdom
536401;FAMILY PHOTO FRAME CORNICE;1;01.12.2010 11:21;9,95;15862;United Kingdom
536401;MIRRORED DISCO BALL;1;01.12.2010 11:21;5,95;15862;United Kingdom
536401;DISCO BALL ROTATOR BATTERY OPERATED;1;01.12.2010 11:21;4,25;15862;United Kingdom
536401;SILVER LOOKING MIRROR;3;01.12.2010 11:21;4,95;15862;United Kingdom
536401;LADIES & GENTLEMEN METAL SIGN;1;01.12.2010 11:21;2,55;15862;United Kingdom
536401;METAL SIGN HER DINNER IS SERVED;1;01.12.2010 11:21;2,95;15862;United Kingdom
536401;YOU'RE CONFUSING ME METAL SIGN;2;01.12.2010 11:21;1,69;15862;United Kingdom
536401;DOORMAT TOPIARY;1;01.12.2010 11:21;7,95;15862;United Kingdom
536401;BATHROOM METAL SIGN;1;01.12.2010 11:21;0,55;15862;United Kingdom
536401;KITCHEN METAL SIGN;1;01.12.2010 11:21;0,55;15862;United Kingdom
536401;TOILET METAL SIGN;2;01.12.2010 11:21;0,55;15862;United Kingdom
536401;METAL SIGN TAKE IT OR LEAVE IT;4;01.12.2010 11:21;2,95;15862;United Kingdom
536401;I'M ON HOLIDAY METAL SIGN;2;01.12.2010 11:21;2,1;15862;United Kingdom
536401;GROW YOUR OWN BASIL IN ENAMEL MUG;1;01.12.2010 11:21;2,1;15862;United Kingdom
536401;SET/10 PINK POLKADOT PARTY CANDLES;1;01.12.2010 11:21;1,25;15862;United Kingdom
536401;SET 20 NAPKINS FAIRY CAKES DESIGN;1;01.12.2010 11:21;0,85;15862;United Kingdom
536401;60 TEATIME FAIRY CAKE CASES;3;01.12.2010 11:21;0,55;15862;United Kingdom
536401;SET OF 6 T-LIGHTS SNOWMEN;1;01.12.2010 11:21;2,95;15862;United Kingdom
536401;SET OF 6 T-LIGHTS SANTA;1;01.12.2010 11:21;2,95;15862;United Kingdom
536401;SET OF 9 HEART SHAPED BALLOONS;2;01.12.2010 11:21;1,25;15862;United Kingdom
536401;SANDWICH BATH SPONGE;3;01.12.2010 11:21;1,25;15862;United Kingdom
536401;APPLE BATH SPONGE;1;01.12.2010 11:21;1,25;15862;United Kingdom
536401;STRAWBERRY BATH SPONGE;1;01.12.2010 11:21;1,25;15862;United Kingdom
536401;BLACK PIRATE TREASURE CHEST;2;01.12.2010 11:21;1,65;15862;United Kingdom
536401;STAR PORTABLE TABLE LIGHT;2;01.12.2010 11:21;2,95;15862;United Kingdom
536401;SNOWFLAKE PORTABLE TABLE LIGHT;2;01.12.2010 11:21;2,95;15862;United Kingdom
536401;PINK OVAL JEWELLED MIRROR;1;01.12.2010 11:21;5,95;15862;United Kingdom
536401;RETROSPOT CIGAR BOX MATCHES;1;01.12.2010 11:21;1,25;15862;United Kingdom
536401;COSY HOUR GIANT TUBE MATCHES;2;01.12.2010 11:21;2,55;15862;United Kingdom
536401;JAZZ HEARTS PURSE NOTEBOOK;9;01.12.2010 11:21;0,85;15862;United Kingdom
536401;LUNCH BAG DOLLY GIRL DESIGN;1;01.12.2010 11:21;1,65;15862;United Kingdom
536401;WHITE HANGING HEART T-LIGHT HOLDER;4;01.12.2010 11:21;2,95;15862;United Kingdom
536401;CANDLEHOLDER PINK HANGING HEART;3;01.12.2010 11:21;2,95;15862;United Kingdom
536401;WOOD 2 DRAWER CABINET WHITE FINISH;1;01.12.2010 11:21;5,95;15862;United Kingdom
536401;ASSORTED COLOUR MINI CASES;1;01.12.2010 11:21;7,95;15862;United Kingdom
536401;LUNCH BAG RED RETROSPOT;1;01.12.2010 11:21;1,65;15862;United Kingdom
536401;LUNCH BAG SPACEBOY DESIGN;2;01.12.2010 11:21;1,65;15862;United Kingdom
536401;LUNCH BAG WOODLAND;1;01.12.2010 11:21;1,65;15862;United Kingdom
536401;LUNCH BAG PINK POLKADOT;1;01.12.2010 11:21;1,65;15862;United Kingdom
536401;GUMBALL COAT RACK;5;01.12.2010 11:21;2,55;15862;United Kingdom
536401;BLUE NEW BAROQUE CANDLESTICK CANDLE;3;01.12.2010 11:21;2,95;15862;United Kingdom
536401;PINK NEW BAROQUECANDLESTICK CANDLE;3;01.12.2010 11:21;2,95;15862;United Kingdom
536401;FAIRY CAKE FLANNEL ASSORTED COLOUR;9;01.12.2010 11:21;2,55;15862;United Kingdom
536401;BREAD BIN DINER STYLE PINK;1;01.12.2010 11:21;16,95;15862;United Kingdom
536401;JUMBO BAG CHARLIE AND LOLA TOYS;4;01.12.2010 11:21;2,95;15862;United Kingdom
536401;TEA TIME TABLE CLOTH;1;01.12.2010 11:21;10,65;15862;United Kingdom
536401;ENGLISH ROSE HOT WATER BOTTLE;1;01.12.2010 11:21;4,25;15862;United Kingdom
536401;ENAMEL FIRE BUCKET CREAM;2;01.12.2010 11:21;6,95;15862;United Kingdom
536401;PICNIC BASKET WICKER SMALL;2;01.12.2010 11:21;5,95;15862;United Kingdom
536402;PAPER CHAIN KIT 50'S CHRISTMAS;40;01.12.2010 11:22;2,55;15513;United Kingdom
536402;PAPER CHAIN KIT VINTAGE CHRISTMAS;40;01.12.2010 11:22;2,55;15513;United Kingdom
536402;HOT WATER BOTTLE BABUSHKA;36;01.12.2010 11:22;4,25;15513;United Kingdom
536403;HAND WARMER BIRD DESIGN;96;01.12.2010 11:27;1,85;12791;Netherlands
536403;POSTAGE;1;01.12.2010 11:27;15;12791;Netherlands,
536404;HEART IVORY TRELLIS SMALL;24;01.12.2010 11:29;1,25;16218;United Kingdom
536404;CLEAR DRAWER KNOB ACRYLIC EDWARDIAN;12;01.12.2010 11:29;1,25;16218;United Kingdom
536404;PINK DRAWER KNOB ACRYLIC EDWARDIAN;12;01.12.2010 11:29;1,25;16218;United Kingdom
536404;GREEN DRAWER KNOB ACRYLIC EDWARDIAN;12;01.12.2010 11:29;1,25;16218;United Kingdom
536404;BLUE DRAWER KNOB ACRYLIC EDWARDIAN;12;01.12.2010 11:29;1,25;16218;United Kingdom
536404;HEART OF WICKER SMALL;12;01.12.2010 11:29;1,65;16218;United Kingdom
536404;SMALL POPCORN HOLDER;36;01.12.2010 11:29;0,85;16218;United Kingdom
536404;SET 6 FOOTBALL CELEBRATION CANDLES;12;01.12.2010 11:29;1,25;16218;United Kingdom
536404;SET OF 6 GIRLS CELEBRATION CANDLES;12;01.12.2010 11:29;1,25;16218;United Kingdom
536404;ROMANTIC PINKS RIBBONS;12;01.12.2010 11:29;1,25;16218;United Kingdom
536404;BRIGHT BLUES RIBBONS;12;01.12.2010 11:29;1,25;16218;United Kingdom
536404;SCANDINAVIAN REDS RIBBONS;12;01.12.2010 11:29;1,25;16218;United Kingdom
536404;CHOCOLATE BOX RIBBONS;12;01.12.2010 11:29;1,25;16218;United Kingdom
536404;PARTY INVITES FOOTBALL;12;01.12.2010 11:29;0,85;16218;United Kingdom
536404;PARTY INVITES JAZZ HEARTS;12;01.12.2010 11:29;0,85;16218;United Kingdom
536404;PARTY INVITES SPACEMAN;12;01.12.2010 11:29;0,85;16218;United Kingdom
536404;SET OF 3 BUTTERFLY COOKIE CUTTERS;12;01.12.2010 11:29;1,25;16218;United Kingdom
536404;SET OF 3 HEART COOKIE CUTTERS;12;01.12.2010 11:29;1,25;16218;United Kingdom
536404;3 PIECE SPACEBOY COOKIE CUTTER SET;12;01.12.2010 11:29;2,1;16218;United Kingdom
536404;PACK OF 72 SKULL CAKE CASES;24;01.12.2010 11:29;0,55;16218;United Kingdom
536404;PACK OF 60 SPACEBOY CAKE CASES;24;01.12.2010 11:29;0,55;16218;United Kingdom
536404;PACK OF 72 RETROSPOT CAKE CASES;24;01.12.2010 11:29;0,55;16218;United Kingdom
536404;72 SWEETHEART FAIRY CAKE CASES;24;01.12.2010 11:29;0,55;16218;United Kingdom
536404;PACK OF 60 DINOSAUR CAKE CASES;24;01.12.2010 11:29;0,55;16218;United Kingdom
536404;LUNCH BAG SUKI  DESIGN;10;01.12.2010 11:29;1,65;16218;United Kingdom
536404;LUNCH BAG CARS BLUE;10;01.12.2010 11:29;1,65;16218;United Kingdom
536404;LUNCH BAG  BLACK SKULL.;10;01.12.2010 11:29;1,65;16218;United Kingdom
536404;HEART IVORY TRELLIS LARGE;24;01.12.2010 11:29;1,65;16218;United Kingdom
536405;SET/5 RED RETROSPOT LID GLASS BOWLS;128;01.12.2010 11:32;2,55;14045;United Kingdom
536406;WHITE HANGING HEART T-LIGHT HOLDER;8;01.12.2010 11:33;2,55;17850;United Kingdom
536406;WHITE METAL LANTERN;8;01.12.2010 11:33;3,39;17850;United Kingdom
536406;CREAM CUPID HEARTS COAT HANGER;8;01.12.2010 11:33;2,75;17850;United Kingdom
536406;EDWARDIAN PARASOL RED;6;01.12.2010 11:33;4,95;17850;United Kingdom
536406;RETRO COFFEE MUGS ASSORTED;6;01.12.2010 11:33;1,06;17850;United Kingdom
536406;SAVE THE PLANET MUG;6;01.12.2010 11:33;1,06;17850;United Kingdom
536406;VINTAGE BILLBOARD DRINK ME MUG;6;01.12.2010 11:33;1,06;17850;United Kingdom
536406;VINTAGE BILLBOARD LOVE/HATE MUG;6;01.12.2010 11:33;1,06;17850;United Kingdom
536406;WOOD 2 DRAWER CABINET WHITE FINISH;4;01.12.2010 11:33;4,95;17850;United Kingdom
536406;WOOD S/3 CABINET ANT WHITE FINISH;4;01.12.2010 11:33;6,95;17850;United Kingdom
536406;WOODEN PICTURE FRAME WHITE FINISH;6;01.12.2010 11:33;2,1;17850;United Kingdom
536406;WOODEN FRAME ANTIQUE WHITE;6;01.12.2010 11:33;2,55;17850;United Kingdom
536406;KNITTED UNION FLAG HOT WATER BOTTLE;6;01.12.2010 11:33;3,39;17850;United Kingdom
536406;RED WOOLLY HOTTIE WHITE HEART.;6;01.12.2010 11:33;3,39;17850;United Kingdom
536406;SET 7 BABUSHKA NESTING BOXES;2;01.12.2010 11:33;7,65;17850;United Kingdom
536406;IVORY EMBROIDERED QUILT;2;01.12.2010 11:33;35,75;17850;United Kingdom
536406;GLASS STAR FROSTED T-LIGHT HOLDER;6;01.12.2010 11:33;4,25;17850;United Kingdom
536407;HAND WARMER RED POLKA DOT;6;01.12.2010 11:34;1,85;17850;United Kingdom
536407;HAND WARMER UNION JACK;6;01.12.2010 11:34;1,85;17850;United Kingdom
536408;MAGIC DRAWING SLATE DINOSAUR;24;01.12.2010 11:41;0,42;14307;United Kingdom
536408;MAGIC DRAWING SLATE BAKE A CAKE;24;01.12.2010 11:41;0,42;14307;United Kingdom
536408;12 PENCILS TALL TUBE SKULLS;12;01.12.2010 11:41;0,85;14307;United Kingdom
536408;CHOCOLATE CALCULATOR;12;01.12.2010 11:41;1,65;14307;United Kingdom
536408;RED  HARMONICA IN BOX;12;01.12.2010 11:41;1,25;14307;United Kingdom
536408;BLUE HARMONICA IN BOX;12;01.12.2010 11:41;1,25;14307;United Kingdom
536408;SKULLS  WATER TRANSFER TATTOOS;12;01.12.2010 11:41;0,85;14307;United Kingdom
536408;PACK 3 BOXES BIRD PANNETONE;12;01.12.2010 11:41;1,95;14307;United Kingdom
536408;HOT WATER BOTTLE TEA AND SYMPATHY;4;01.12.2010 11:41;3,95;14307;United Kingdom
536408;RED WOOLLY HOTTIE WHITE HEART.;4;01.12.2010 11:41;3,75;14307;United Kingdom
536408;WHITE SKULL HOT WATER BOTTLE;4;01.12.2010 11:41;3,75;14307;United Kingdom
536408;3 PIECE SPACEBOY COOKIE CUTTER SET;6;01.12.2010 11:41;2,1;14307;United Kingdom
536408;SET OF 20 KIDS COOKIE CUTTERS;12;01.12.2010 11:41;2,1;14307;United Kingdom
536408;10 COLOUR SPACEBOY PEN;24;01.12.2010 11:41;0,85;14307;United Kingdom
536408;VICTORIAN GLASS HANGING T-LIGHT;12;01.12.2010 11:41;1,25;14307;United Kingdom
536408;SINGLE HEART ZINC T-LIGHT HOLDER;12;01.12.2010 11:41;0,95;14307;United Kingdom
536408;RED HANGING HEART T-LIGHT HOLDER;6;01.12.2010 11:41;2,95;14307;United Kingdom
536408;HANGING METAL STAR LANTERN;12;01.12.2010 11:41;1,65;14307;United Kingdom
536408;SILVER HANGING T-LIGHT HOLDER;6;01.12.2010 11:41;1,65;14307;United Kingdom
536408;DOORMAT RED RETROSPOT;2;01.12.2010 11:41;7,95;14307;United Kingdom
536408;DOORMAT HEARTS;2;01.12.2010 11:41;7,95;14307;United Kingdom
536408;NATURAL SLATE RECTANGLE CHALKBOARD;12;01.12.2010 11:41;1,65;14307;United Kingdom
536408;LOVEBIRD HANGING DECORATION WHITE;12;01.12.2010 11:41;0,85;14307;United Kingdom
536408;ASSORTED COLOUR BIRD ORNAMENT;8;01.12.2010 11:41;1,69;14307;United Kingdom
536408;HOME BUILDING BLOCK WORD;3;01.12.2010 11:41;5,95;14307;United Kingdom
536408;LOVE BUILDING BLOCK WORD;3;01.12.2010 11:41;5,95;14307;United Kingdom
536408;PHOTO FRAME CORNICE;8;01.12.2010 11:41;2,95;14307;United Kingdom
536408;PENS ASSORTED FUNNY FACE;36;01.12.2010 11:41;0,85;14307;United Kingdom
536408;CARD CIRCUS PARADE;12;01.12.2010 11:41;0,42;14307;United Kingdom
536408;WRAP COWBOYS;25;01.12.2010 11:41;0,42;14307;United Kingdom
536408;AIRLINE BAG VINTAGE TOKYO 78;4;01.12.2010 11:41;4,25;14307;United Kingdom
536408;RED RETROSPOT UMBRELLA;3;01.12.2010 11:41;5,95;14307;United Kingdom
536408;BLACK/BLUE POLKADOT UMBRELLA;3;01.12.2010 11:41;5,95;14307;United Kingdom
536408;RED 3 PIECE RETROSPOT CUTLERY SET;6;01.12.2010 11:41;3,75;14307;United Kingdom
536408;PACK OF 72 RETROSPOT CAKE CASES;24;01.12.2010 11:41;0,55;14307;United Kingdom
536408;SET OF 72 RETROSPOT PAPER  DOILIES;12;01.12.2010 11:41;1,45;14307;United Kingdom
536408;BLUE COAT RACK PARIS FASHION;3;01.12.2010 11:41;4,95;14307;United Kingdom
536408;PLASTERS IN TIN SKULLS;12;01.12.2010 11:41;1,65;14307;United Kingdom
536408;SLEEPING CAT ERASERS;30;01.12.2010 11:41;0,21;14307;United Kingdom
536408;CARD BIRTHDAY COWBOY;12;01.12.2010 11:41;0,42;14307;United Kingdom
536408;PACK 3 BOXES CHRISTMAS PANNETONE;12;01.12.2010 11:41;1,95;14307;United Kingdom
536408;ROTATING SILVER ANGELS T-LIGHT HLDR;6;01.12.2010 11:41;2,55;14307;United Kingdom
536408;COSY HOUR GIANT TUBE MATCHES;12;01.12.2010 11:41;2,55;14307;United Kingdom
536408;RIBBON REEL MAKING SNOWMEN;10;01.12.2010 11:41;1,65;14307;United Kingdom
536408;MINI PAINT SET VINTAGE;36;01.12.2010 11:41;0,65;14307;United Kingdom
536408;4 TRADITIONAL SPINNING TOPS;12;01.12.2010 11:41;1,25;14307;United Kingdom
536408;SET OF 6 SOLDIER SKITTLES;4;01.12.2010 11:41;3,75;14307;United Kingdom
536408;BAG 500g SWIRLY MARBLES;12;01.12.2010 11:41;1,65;14307;United Kingdom
536409;5 STRAND GLASS NECKLACE CRYSTAL;3;01.12.2010 11:45;6,35;17908;United Kingdom
536409;WHITE SKULL HOT WATER BOTTLE;1;01.12.2010 11:45;3,75;17908;United Kingdom
536409;SCOTTIE DOG HOT WATER BOTTLE;1;01.12.2010 11:45;4,95;17908;United Kingdom
536409;SQUARECUSHION COVER PINK UNION FLAG;1;01.12.2010 11:45;6,75;17908;United Kingdom
536409;SPACEBOY CHILDRENS EGG CUP;1;01.12.2010 11:45;1,25;17908;United Kingdom
536409;CHILDREN'S SPACEBOY MUG;1;01.12.2010 11:45;1,65;17908;United Kingdom
536409;HAND WARMER SCOTTY DOG DESIGN;1;01.12.2010 11:45;2,1;17908;United Kingdom
536409;FELTCRAFT CUSHION OWL;1;01.12.2010 11:45;3,75;17908;United Kingdom
536409;BLACK CANDELABRA T-LIGHT HOLDER;1;01.12.2010 11:45;2,1;17908;United Kingdom
536409;TOY TIDY DOLLY GIRL DESIGN;1;01.12.2010 11:45;2,1;17908;United Kingdom
536409;SET 12 LAVENDER  BOTANICAL T-LIGHTS;1;01.12.2010 11:45;2,95;17908;United Kingdom
536409;UNION JACK FLAG LUGGAGE TAG;1;01.12.2010 11:45;1,25;17908;United Kingdom
536409;RED HEART LUGGAGE TAG;1;01.12.2010 11:45;1,25;17908;United Kingdom
536409;RED GLASS TASSLE BAG CHARM;1;01.12.2010 11:45;2,95;17908;United Kingdom
536409;CLEAR ACRYLIC FACETED BANGLE;1;01.12.2010 11:45;2,95;17908;United Kingdom
536409;5 STRAND GLASS NECKLACE CRYSTAL;1;01.12.2010 11:45;6,35;17908;United Kingdom
536409;DOORMAT UNION JACK GUNS AND ROSES;1;01.12.2010 11:45;7,95;17908;United Kingdom
536409;VANILLA SCENT CANDLE JEWELLED BOX;1;01.12.2010 11:45;4,25;17908;United Kingdom
536409;FULL ENGLISH BREAKFAST PLATE;1;01.12.2010 11:45;3,75;17908;United Kingdom
536409;BLACK CANDELABRA T-LIGHT HOLDER;5;01.12.2010 11:45;2,1;17908;United Kingdom
536409;MAGIC DRAWING SLATE CIRCUS PARADE;1;01.12.2010 11:45;0,42;17908;United Kingdom
536409;CHRISTMAS HANGING HEART WITH BELL;1;01.12.2010 11:45;1,25;17908;United Kingdom
536409;CAKE STAND VICTORIAN FILIGREE MED;1;01.12.2010 11:45;6,75;17908;United Kingdom
536409;PAISLEY PATTERN  STICKERS;6;01.12.2010 11:45;0,85;17908;United Kingdom
536409;FLOWERS  STICKERS;6;01.12.2010 11:45;0,85;17908;United Kingdom
536409;PINK NEW BAROQUECANDLESTICK CANDLE;1;01.12.2010 11:45;2,95;17908;United Kingdom
536409;BLUE NEW BAROQUE CANDLESTICK CANDLE;3;01.12.2010 11:45;2,95;17908;United Kingdom
536409;JUMBO STORAGE BAG SUKI;2;01.12.2010 11:45;1,95;17908;United Kingdom
536409;BLACK LOVE BIRD CANDLE;12;01.12.2010 11:45;1,25;17908;United Kingdom
536409;PARTY TIME PENCIL ERASERS;28;01.12.2010 11:45;0,21;17908;United Kingdom
536409;DISCO BALL CHRISTMAS DECORATION;24;01.12.2010 11:45;0,12;17908;United Kingdom
536409;PINK B'FLY C/COVER W BOBBLES;1;01.12.2010 11:45;5,95;17908;United Kingdom
536409;PINK UNION JACK  LUGGAGE TAG;1;01.12.2010 11:45;1,25;17908;United Kingdom
536409;6 RIBBONS ELEGANT CHRISTMAS;1;01.12.2010 11:45;1,65;17908;United Kingdom
536409;UNION JACK FLAG LUGGAGE TAG;1;01.12.2010 11:45;1,25;17908;United Kingdom
536409;AGED GLASS SILVER T-LIGHT HOLDER;12;01.12.2010 11:45;0,65;17908;United Kingdom
536409;BOOM BOX SPEAKER GIRLS;1;01.12.2010 11:45;5,95;17908;United Kingdom
536409;6 RIBBONS SHIMMERING PINKS;1;01.12.2010 11:45;1,65;17908;United Kingdom
536409;SET 2 TEA TOWELS I LOVE LONDON;1;01.12.2010 11:45;2,95;17908;United Kingdom
536409;JUMBO BAG OWLS;1;01.12.2010 11:45;1,95;17908;United Kingdom
536409;SANDWICH BATH SPONGE;2;01.12.2010 11:45;1,25;17908;United Kingdom
536409;OWL DOORSTOP;1;01.12.2010 11:45;4,95;17908;United Kingdom
536409;5 STRAND GLASS NECKLACE CRYSTAL;2;01.12.2010 11:45;6,35;17908;United Kingdom
536409;HAND WARMER UNION JACK;1;01.12.2010 11:45;2,1;17908;United Kingdom
536409;HAND WARMER SCOTTY DOG DESIGN;1;01.12.2010 11:45;2,1;17908;United Kingdom
536409;LARGE POPCORN HOLDER;1;01.12.2010 11:45;1,65;17908;United Kingdom
536409;PAINTED METAL STAR WITH HOLLY BELLS;3;01.12.2010 11:45;1,45;17908;United Kingdom
536409;PAINTED METAL HEART WITH HOLLY BELL;3;01.12.2010 11:45;1,45;17908;United Kingdom
536409;ANGEL DECORATION STARS ON DRESS;6;01.12.2010 11:45;0,42;17908;United Kingdom
536409;SMALL POPCORN HOLDER;2;01.12.2010 11:45;0,85;17908;United Kingdom
536409;JUMBO BAG RED RETROSPOT;2;01.12.2010 11:45;1,95;17908;United Kingdom
536409;JUMBO BAG STRAWBERRY;1;01.12.2010 11:45;1,95;17908;United Kingdom
536409;STRAWBERRY SHOPPER BAG;1;01.12.2010 11:45;1,25;17908;United Kingdom
536409;STRAWBERRY CHARLOTTE BAG;1;01.12.2010 11:45;0,85;17908;United Kingdom
536409;SET 2 TEA TOWELS I LOVE LONDON;1;01.12.2010 11:45;2,95;17908;United Kingdom
536409;PACK OF 12 RED RETROSPOT TISSUES;12;01.12.2010 11:45;0,29;17908;United Kingdom
536409;SCOTTIE DOG HOT WATER BOTTLE;1;01.12.2010 11:45;4,95;17908;United Kingdom
536409;CHOCOLATE HOT WATER BOTTLE;1;01.12.2010 11:45;4,95;17908;United Kingdom
536412;LUNCH BAG CARS BLUE;3;01.12.2010 11:49;1,65;17920;United Kingdom
536412;LUNCH BAG SPACEBOY DESIGN;3;01.12.2010 11:49;1,65;17920;United Kingdom
536412;ROUND SNACK BOXES SET OF4 WOODLAND;1;01.12.2010 11:49;2,95;17920;United Kingdom
536412;LUNCH BAG DOLLY GIRL DESIGN;4;01.12.2010 11:49;1,65;17920;United Kingdom
536412;LUNCH BAG SUKI  DESIGN;3;01.12.2010 11:49;1,65;17920;United Kingdom
536412;LUNCH BAG  BLACK SKULL.;3;01.12.2010 11:49;1,65;17920;United Kingdom
536412;ROUND SNACK BOXES SET OF 4 FRUITS;1;01.12.2010 11:49;2,95;17920;United Kingdom
536412;ROUND SNACK BOXES SET OF 4 SKULLS;1;01.12.2010 11:49;2,95;17920;United Kingdom
536412;DOLLY GIRL LUNCH BOX;1;01.12.2010 11:49;1,95;17920;United Kingdom
536412;SPACEBOY LUNCH BOX;1;01.12.2010 11:49;1,95;17920;United Kingdom
536412;GREEN POLKADOT PLATE;1;01.12.2010 11:49;1,69;17920;United Kingdom
536412;BLUE POLKADOT PLATE;1;01.12.2010 11:49;1,69;17920;United Kingdom
536412;RED RETROSPOT PLATE;1;01.12.2010 11:49;1,69;17920;United Kingdom
536412;PINK  POLKADOT PLATE;1;01.12.2010 11:49;1,69;17920;United Kingdom
536412;ROUND SNACK BOXES SET OF 4 SKULLS;1;01.12.2010 11:49;2,95;17920;United Kingdom
536412;FELTCRAFT DOLL MOLLY;1;01.12.2010 11:49;2,95;17920;United Kingdom
536412;FELTCRAFT CHRISTMAS FAIRY;3;01.12.2010 11:49;4,25;17920;United Kingdom
536412;TRAVEL SEWING KIT;5;01.12.2010 11:49;1,65;17920;United Kingdom
536412;SET OF 3 NOTEBOOKS IN PARCEL;1;01.12.2010 11:49;1,65;17920;United Kingdom
536412;RED RETROSPOT TAPE;10;01.12.2010 11:49;0,65;17920;United Kingdom
536412;COSY SLIPPER SHOES SMALL  RED;1;01.12.2010 11:49;2,95;17920;United Kingdom
536412;6 RIBBONS RUSTIC CHARM;1;01.12.2010 11:49;1,65;17920;United Kingdom
536412;SCANDINAVIAN REDS RIBBONS;3;01.12.2010 11:49;1,25;17920;United Kingdom
536412;JAM MAKING SET PRINTED;24;01.12.2010 11:49;1,45;17920;United Kingdom
536412;12 DAISY PEGS IN WOOD BOX;2;01.12.2010 11:49;1,65;17920;United Kingdom
536412;HOT WATER BOTTLE BABUSHKA;3;01.12.2010 11:49;4,65;17920;United Kingdom
536412;FELTCRAFT PRINCESS CHARLOTTE DOLL;2;01.12.2010 11:49;3,75;17920;United Kingdom
536412;FELTCRAFT CHRISTMAS FAIRY;1;01.12.2010 11:49;4,25;17920;United Kingdom
536412;FELTCRAFT PRINCESS CHARLOTTE DOLL;1;01.12.2010 11:49;3,75;17920;United Kingdom
536412;6 RIBBONS RUSTIC CHARM;2;01.12.2010 11:49;1,65;17920;United Kingdom
536412;COSY SLIPPER SHOES SMALL  RED;2;01.12.2010 11:49;2,95;17920;United Kingdom
536412;SCANDINAVIAN REDS RIBBONS;1;01.12.2010 11:49;1,25;17920;United Kingdom
536412;5 HOOK HANGER RED MAGIC TOADSTOOL;6;01.12.2010 11:49;1,65;17920;United Kingdom
536412;CHRISTMAS CRAFT TREE TOP ANGEL;1;01.12.2010 11:49;2,1;17920;United Kingdom
536412;CHRISTMAS CRAFT LITTLE FRIENDS;2;01.12.2010 11:49;2,1;17920;United Kingdom
536412;5 HOOK HANGER RED MAGIC TOADSTOOL;3;01.12.2010 11:49;1,65;17920;United Kingdom
536412;6 RIBBONS RUSTIC CHARM;7;01.12.2010 11:49;1,65;17920;United Kingdom
536412;12 DAISY PEGS IN WOOD BOX;1;01.12.2010 11:49;1,65;17920;United Kingdom
536412;SET OF 3 NOTEBOOKS IN PARCEL;5;01.12.2010 11:49;1,65;17920;United Kingdom
536412;5 HOOK HANGER MAGIC TOADSTOOL;5;01.12.2010 11:49;1,65;17920;United Kingdom
536412;SCANDINAVIAN REDS RIBBONS;12;01.12.2010 11:49;1,25;17920;United Kingdom
536412;RED TOADSTOOL LED NIGHT LIGHT;5;01.12.2010 11:49;1,65;17920;United Kingdom
536412;5 HOOK HANGER RED MAGIC TOADSTOOL;1;01.12.2010 11:49;1,65;17920;United Kingdom
536412;COSY SLIPPER SHOES SMALL GREEN;2;01.12.2010 11:49;2,95;17920;United Kingdom
536412;COSY SLIPPER SHOES SMALL  RED;5;01.12.2010 11:49;2,95;17920;United Kingdom
536412;FELTCRAFT DOLL ROSIE;2;01.12.2010 11:49;2,95;17920;United Kingdom
536412;FELTCRAFT DOLL MOLLY;1;01.12.2010 11:49;2,95;17920;United Kingdom
536412;FELTCRAFT DOLL EMILY;2;01.12.2010 11:49;2,95;17920;United Kingdom
536412;FELTCRAFT PRINCESS CHARLOTTE DOLL;1;01.12.2010 11:49;3,75;17920;United Kingdom
536412;FELTCRAFT PRINCESS OLIVIA DOLL;2;01.12.2010 11:49;3,75;17920;United Kingdom
536412;REX CASH+CARRY JUMBO SHOPPER;1;01.12.2010 11:49;0,95;17920;United Kingdom
536412;FELTCRAFT DOLL MOLLY;2;01.12.2010 11:49;2,95;17920;United Kingdom
536412;FELTCRAFT CUSHION OWL;3;01.12.2010 11:49;3,75;17920;United Kingdom
536412;CHRISTMAS CRAFT TREE TOP ANGEL;1;01.12.2010 11:49;2,1;17920;United Kingdom
536412;CHRISTMAS CRAFT LITTLE FRIENDS;1;01.12.2010 11:49;2,1;17920;United Kingdom
536412;FELTCRAFT CUSHION RABBIT;3;01.12.2010 11:49;3,75;17920;United Kingdom
536412;FELTCRAFT CUSHION BUTTERFLY;2;01.12.2010 11:49;3,75;17920;United Kingdom
536412;12 DAISY PEGS IN WOOD BOX;1;01.12.2010 11:49;1,65;17920;United Kingdom
536412;PAPER CHAIN KIT 50'S CHRISTMAS;1;01.12.2010 11:49;2,95;17920;United Kingdom
536412;FELTCRAFT CUSHION BUTTERFLY;2;01.12.2010 11:49;3,75;17920;United Kingdom
536412;12 DAISY PEGS IN WOOD BOX;2;01.12.2010 11:49;1,65;17920;United Kingdom
536412;ROSE COTTAGE KEEPSAKE BOX;4;01.12.2010 11:49;9,95;17920;United Kingdom
536412;TOTE BAG I LOVE LONDON;7;01.12.2010 11:49;2,1;17920;United Kingdom
536412;12 DAISY PEGS IN WOOD BOX;2;01.12.2010 11:49;1,65;17920;United Kingdom
536412;TOTE BAG I LOVE LONDON;7;01.12.2010 11:49;2,1;17920;United Kingdom
536412;FOLDING UMBRELLA PINKWHITE POLKADOT;1;01.12.2010 11:49;4,95;17920;United Kingdom
536412;FOLDING UMBRELLA CREAM POLKADOT;1;01.12.2010 11:49;4,95;17920;United Kingdom
536412;FOLDING UMBRELLA WHITE/RED POLKADOT;1;01.12.2010 11:49;4,95;17920;United Kingdom
536412;SET 10 LIGHTS NIGHT OWL;2;01.12.2010 11:49;6,75;17920;United Kingdom
536412;SMALL POPCORN HOLDER;5;01.12.2010 11:49;0,85;17920;United Kingdom
536412;SET 2 TEA TOWELS I LOVE LONDON;2;01.12.2010 11:49;2,95;17920;United Kingdom
536412;FOLDING UMBRELLA RED/WHITE POLKADOT;1;01.12.2010 11:49;4,95;17920;United Kingdom
536412;BABUSHKA LIGHTS STRING OF 10;2;01.12.2010 11:49;6,75;17920;United Kingdom
536412;LUNCH BAG RED RETROSPOT;1;01.12.2010 11:49;1,65;17920;United Kingdom
536412;S/4 VALENTINE DECOUPAGE HEART BOX;1;01.12.2010 11:49;2,95;17920;United Kingdom
536412;FOLDING UMBRELLA CREAM POLKADOT;1;01.12.2010 11:49;4,95;17920;United Kingdom
536412;SET 2 TEA TOWELS I LOVE LONDON;2;01.12.2010 11:49;2,95;17920;United Kingdom
536412;FOLDING UMBRELLA RED/WHITE POLKADOT;1;01.12.2010 11:49;4,95;17920;United Kingdom
536412;SOLDIERS EGG CUP;6;01.12.2010 11:49;1,25;17920;United Kingdom
536412;S/4 VALENTINE DECOUPAGE HEART BOX;1;01.12.2010 11:49;2,95;17920;United Kingdom
536412;RED RETROSPOT MINI CASES;1;01.12.2010 11:49;7,95;17920;United Kingdom
536414;;56;01.12.2010 11:52;0;;United Kingdom,
536415;60 CAKE CASES VINTAGE CHRISTMAS;10;01.12.2010 11:57;0,55;12838;United Kingdom
536415;PAPER CHAIN KIT VINTAGE CHRISTMAS;5;01.12.2010 11:57;2,95;12838;United Kingdom
536415;RIBBON REEL CHRISTMAS SOCK BAUBLE;3;01.12.2010 11:57;1,65;12838;United Kingdom
536415;RIBBON REEL SNOWY VILLAGE;3;01.12.2010 11:57;1,65;12838;United Kingdom
536415;RIBBON REEL MAKING SNOWMEN;3;01.12.2010 11:57;1,65;12838;United Kingdom
536415;SET OF 20 VINTAGE CHRISTMAS NAPKINS;5;01.12.2010 11:57;0,85;12838;United Kingdom
536415;TURQUOISE CHRISTMAS TREE;2;01.12.2010 11:57;1,25;12838;United Kingdom
536415;RED STAR CARD HOLDER;5;01.12.2010 11:57;2,95;12838;United Kingdom
536415;WICKER WREATH SMALL;3;01.12.2010 11:57;1,45;12838;United Kingdom
536415;HEART OF WICKER LARGE;1;01.12.2010 11:57;2,95;12838;United Kingdom
536415;ADVENT CALENDAR GINGHAM SACK;1;01.12.2010 11:57;5,95;12838;United Kingdom
536415;HEART OF WICKER SMALL;5;01.12.2010 11:57;1,65;12838;United Kingdom
536415;FELTCRAFT BUTTERFLY HEARTS;4;01.12.2010 11:57;1,45;12838;United Kingdom
536415;PARTY CONE CHRISTMAS DECORATION;6;01.12.2010 11:57;0,85;12838;United Kingdom
536415;VINTAGE HEADS AND TAILS CARD GAME;3;01.12.2010 11:57;1,25;12838;United Kingdom
536415;WICKER STAR;5;01.12.2010 11:57;2,1;12838;United Kingdom
536415;VINTAGE SNAP CARDS;3;01.12.2010 11:57;0,85;12838;United Kingdom
536415;FELTCRAFT 6 FLOWER FRIENDS;4;01.12.2010 11:57;2,1;12838;United Kingdom
536415;SET 2 TEA TOWELS I LOVE LONDON;3;01.12.2010 11:57;2,95;12838;United Kingdom
536415;JAM MAKING SET PRINTED;3;01.12.2010 11:57;1,45;12838;United Kingdom
536415;BIRD DECORATION RED RETROSPOT;12;01.12.2010 11:57;0,85;12838;United Kingdom
536415;CHRISTMAS GINGHAM TREE;5;01.12.2010 11:57;0,85;12838;United Kingdom
536415;CHRISTMAS GINGHAM STAR;4;01.12.2010 11:57;0,85;12838;United Kingdom
536415;CHRISTMAS GINGHAM HEART;6;01.12.2010 11:57;0,85;12838;United Kingdom
536415;PACK OF 12 PINK POLKADOT TISSUES;12;01.12.2010 11:57;0,29;12838;United Kingdom
536415;FELTCRAFT PRINCESS LOLA DOLL;2;01.12.2010 11:57;3,75;12838;United Kingdom
536415;PACK OF 12 LONDON TISSUES;12;01.12.2010 11:57;0,29;12838;United Kingdom
536415;PURPLE DRAWERKNOB ACRYLIC EDWARDIAN;1;01.12.2010 11:57;1,25;12838;United Kingdom
536415;CHILDREN'S APRON DOLLY GIRL;2;01.12.2010 11:57;2,1;12838;United Kingdom
536415;CHILDRENS APRON SPACEBOY DESIGN;3;01.12.2010 11:57;1,95;12838;United Kingdom
536415;CHRISTMAS LIGHTS 10 SANTAS;3;01.12.2010 11:57;8,5;12838;United Kingdom
536415;CHRISTMAS LIGHTS 10 REINDEER;3;01.12.2010 11:57;8,5;12838;United Kingdom
536415;PAPER CHAIN KIT 50'S CHRISTMAS;6;01.12.2010 11:57;2,95;12838;United Kingdom
536415;FELTCRAFT CHRISTMAS FAIRY;2;01.12.2010 11:57;4,25;12838;United Kingdom
536415;PACK OF 72 RETROSPOT CAKE CASES;2;01.12.2010 11:57;0,55;12838;United Kingdom
536415;PACK OF 60 MUSHROOM CAKE CASES;2;01.12.2010 11:57;0,55;12838;United Kingdom
536415;60 CAKE CASES DOLLY GIRL DESIGN;2;01.12.2010 11:57;0,55;12838;United Kingdom
536415;PACK OF 60 PINK PAISLEY CAKE CASES;3;01.12.2010 11:57;0,55;12838;United Kingdom
536415;HAND WARMER BABUSHKA DESIGN;3;01.12.2010 11:57;2,1;12838;United Kingdom
536415;HAND WARMER BIRD DESIGN;3;01.12.2010 11:57;2,1;12838;United Kingdom
536415;HAND WARMER OWL DESIGN;3;01.12.2010 11:57;2,1;12838;United Kingdom
536415;HAND WARMER RED RETROSPOT;3;01.12.2010 11:57;2,1;12838;United Kingdom
536415;SET 12 RETRO WHITE CHALK STICKS;2;01.12.2010 11:57;0,42;12838;United Kingdom
536415;FELTCRAFT HAIRBAND RED AND BLUE;4;01.12.2010 11:57;0,85;12838;United Kingdom
536415;FELTCRAFT HAIRBAND PINK AND PURPLE;3;01.12.2010 11:57;0,85;12838;United Kingdom
536415;FELTCRAFT HAIRBANDS PINK AND WHITE;3;01.12.2010 11:57;0,85;12838;United Kingdom
536415;TV DINNER TRAY DOLLY GIRL;2;01.12.2010 11:57;4,95;12838;United Kingdom
536415;PLASTERS IN TIN VINTAGE PAISLEY;3;01.12.2010 11:57;1,65;12838;United Kingdom
536415;PLASTERS IN TIN SPACEBOY;3;01.12.2010 11:57;1,65;12838;United Kingdom
536415;PLASTERS IN TIN WOODLAND ANIMALS;3;01.12.2010 11:57;1,65;12838;United Kingdom
536415;MAGIC DRAWING SLATE SPACEBOY;3;01.12.2010 11:57;0,42;12838;United Kingdom
536415;MAGIC DRAWING SLATE CIRCUS PARADE;3;01.12.2010 11:57;0,42;12838;United Kingdom
536415;MAGIC DRAWING SLATE GO TO THE FAIR;3;01.12.2010 11:57;0,42;12838;United Kingdom
536415;MAGIC DRAWING SLATE DOLLY GIRL;3;01.12.2010 11:57;0,42;12838;United Kingdom
536415;CHARLIE + LOLA RED HOT WATER BOTTLE;3;01.12.2010 11:57;2,95;12838;United Kingdom
536415;HOT WATER BOTTLE BABUSHKA;3;01.12.2010 11:57;4,65;12838;United Kingdom
536415;URBAN BLACK RIBBONS;2;01.12.2010 11:57;1,25;12838;United Kingdom
536415;FELTCRAFT PRINCESS CHARLOTTE DOLL;2;01.12.2010 11:57;3,75;12838;United Kingdom
536415;SET OF 6 T-LIGHTS TOADSTOOLS;12;01.12.2010 11:57;2,95;12838;United Kingdom
536416;ROTATING LEAVES T-LIGHT HOLDER;12;01.12.2010 11:58;1,25;13255;United Kingdom
536416;RED  HARMONICA IN BOX;72;01.12.2010 11:58;1,25;13255;United Kingdom
536416;CUPCAKE LACE PAPER SET 6;12;01.12.2010 11:58;1,95;13255;United Kingdom
536416;FAMILY PHOTO FRAME CORNICE;4;01.12.2010 11:58;9,95;13255;United Kingdom
536416;TRIPLE PHOTO FRAME CORNICE;4;01.12.2010 11:58;9,95;13255;United Kingdom
536416;WOODEN FRAME ANTIQUE WHITE;6;01.12.2010 11:58;2,95;13255;United Kingdom
536420;WOODEN BOX OF DOMINOES;12;01.12.2010 12:03;1,25;16583;United Kingdom
536420;TRADITIONAL WOODEN CATCH CUP GAME;12;01.12.2010 12:03;1,25;16583;United Kingdom
536420;TRADITIONAL WOODEN SKIPPING ROPE;12;01.12.2010 12:03;1,25;16583;United Kingdom
536420;S/6 WOODEN SKITTLES IN COTTON BAG;6;01.12.2010 12:03;2,95;16583;United Kingdom
536420;RED METAL BEACH SPADE;12;01.12.2010 12:03;1,25;16583;United Kingdom
536420;BOYS VINTAGE TIN SEASIDE BUCKET;8;01.12.2010 12:03;2,55;16583;United Kingdom
536420;GIRLS VINTAGE TIN SEASIDE BUCKET;8;01.12.2010 12:03;2,55;16583;United Kingdom
536420;GREY HEART HOT WATER BOTTLE;4;01.12.2010 12:03;3,75;16583;United Kingdom
536420;SCOTTIE DOG HOT WATER BOTTLE;3;01.12.2010 12:03;4,95;16583;United Kingdom
536420;BIRD HOUSE HOT WATER BOTTLE;6;01.12.2010 12:03;2,55;16583;United Kingdom
536420;KINGS CHOICE TEA CADDY;6;01.12.2010 12:03;2,95;16583;United Kingdom
536420;KINGS CHOICE BISCUIT TIN;4;01.12.2010 12:03;4,25;16583;United Kingdom
536420;METAL SIGN EMPIRE TEA;6;01.12.2010 12:03;2,95;16583;United Kingdom
536420;HOMEMADE JAM SCENTED CANDLES;12;01.12.2010 12:03;1,45;16583;United Kingdom
536423;SET OF 6 SOLDIER SKITTLES;4;01.12.2010 12:08;3,75;18085;United Kingdom
536423;FAWN BLUE HOT WATER BOTTLE;6;01.12.2010 12:08;2,95;18085;United Kingdom
536423;HAND WARMER RED RETROSPOT;12;01.12.2010 12:08;2,1;18085;United Kingdom
536423;HOT WATER BOTTLE BABUSHKA;8;01.12.2010 12:08;4,65;18085;United Kingdom
536423;WHITE SKULL HOT WATER BOTTLE;8;01.12.2010 12:08;3,75;18085;United Kingdom
536423;RETROSPOT HEART HOT WATER BOTTLE;8;01.12.2010 12:08;4,95;18085;United Kingdom
536423;RED WOOLLY HOTTIE WHITE HEART.;8;01.12.2010 12:08;3,75;18085;United Kingdom
536423;SCOTTIE DOG HOT WATER BOTTLE;16;01.12.2010 12:08;4,95;18085;United Kingdom
536423;GREY HEART HOT WATER BOTTLE;8;01.12.2010 12:08;3,75;18085;United Kingdom
536425;HOT WATER BOTTLE BABUSHKA;8;01.12.2010 12:08;4,65;13758;United Kingdom
536425;PACK OF 6 BIRDY GIFT TAGS;12;01.12.2010 12:08;1,25;13758;United Kingdom
536425;CHILLI LIGHTS;8;01.12.2010 12:08;4,95;13758;United Kingdom
536425;PIGGY BANK RETROSPOT;12;01.12.2010 12:08;2,55;13758;United Kingdom
536425;CERAMIC STRAWBERRY MONEY BOX;6;01.12.2010 12:08;2,55;13758;United Kingdom
536425;CERAMIC STRAWBERRY CAKE MONEY BANK;12;01.12.2010 12:08;1,45;13758;United Kingdom
536425;CERAMIC CHERRY CAKE MONEY BANK;12;01.12.2010 12:08;1,45;13758;United Kingdom
536425;CERAMIC HEART FAIRY CAKE MONEY BANK;12;01.12.2010 12:08;1,45;13758;United Kingdom
536425;CERAMIC PIRATE CHEST MONEY BANK;12;01.12.2010 12:08;1,45;13758;United Kingdom
536425;DOORSTOP RETROSPOT HEART;8;01.12.2010 12:08;3,75;13758;United Kingdom
536425;GINGHAM HEART  DOORSTOP RED;3;01.12.2010 12:08;4,25;13758;United Kingdom
536425;RETROSPOT BABUSHKA DOORSTOP;4;01.12.2010 12:08;3,75;13758;United Kingdom
536425;SILK PURSE BABUSHKA RED;6;01.12.2010 12:08;3,35;13758;United Kingdom
536425;SILK PURSE BABUSHKA PINK;6;01.12.2010 12:08;3,35;13758;United Kingdom
536425;FAMILY PHOTO FRAME CORNICE;2;01.12.2010 12:08;9,95;13758;United Kingdom
536425;SWEETHEART WIRE WALL TIDY;2;01.12.2010 12:08;9,95;13758;United Kingdom
536425;JAM MAKING SET PRINTED;12;01.12.2010 12:08;1,45;13758;United Kingdom
536437;RED RETROSPOT OVEN GLOVE;200;01.12.2010 12:12;1,06;13694;United Kingdom
536437;CREAM HEART CARD HOLDER;72;01.12.2010 12:12;3,39;13694;United Kingdom
536437;NAMASTE SWAGAT INCENSE;600;01.12.2010 12:12;0,24;13694;United Kingdom
536437;CERAMIC STRAWBERRY DESIGN MUG;48;01.12.2010 12:12;1,25;13694;United Kingdom
536437;BLACK HEART CARD HOLDER;36;01.12.2010 12:12;3,39;13694;United Kingdom
536437;CLASSICAL ROSE SMALL VASE;48;01.12.2010 12:12;1,25;13694;United Kingdom
536446;HYACINTH BULB T-LIGHT CANDLES;32;01.12.2010 12:15;0,42;15983;United Kingdom
536446;CHRISTMAS CRAFT WHITE FAIRY;2;01.12.2010 12:15;1,45;15983;United Kingdom
536446;CHRISTMAS CRAFT LITTLE FRIENDS;2;01.12.2010 12:15;2,1;15983;United Kingdom
536446;COSY HOUR CIGAR BOX MATCHES;6;01.12.2010 12:15;1,25;15983;United Kingdom
536446;RED TEA TOWEL CLASSIC DESIGN;12;01.12.2010 12:15;1,25;15983;United Kingdom
536446;HEART FILIGREE DOVE  SMALL;48;01.12.2010 12:15;1,25;15983;United Kingdom
536446;RETROSPOT CHILDRENS APRON;1;01.12.2010 12:15;1,95;15983;United Kingdom
536446;COLOURING PENCILS BROWN TUBE;5;01.12.2010 12:15;0,85;15983;United Kingdom
536446;4 IVORY DINNER CANDLES SILVER FLOCK;6;01.12.2010 12:15;2,55;15983;United Kingdom
536446;HEART FILIGREE DOVE  SMALL;24;01.12.2010 12:15;1,25;15983;United Kingdom
536446;ZINC METAL HEART DECORATION;12;01.12.2010 12:15;1,25;15983;United Kingdom
536446;GREEN FERN NOTEBOOK;2;01.12.2010 12:15;1,65;15983;United Kingdom
536446;BLUE PAISLEY NOTEBOOK;2;01.12.2010 12:15;1,65;15983;United Kingdom
536446;CHRYSANTHEMUM NOTEBOOK;2;01.12.2010 12:15;1,65;15983;United Kingdom
536446;LARGE CHINESE STYLE SCISSOR;10;01.12.2010 12:15;0,85;15983;United Kingdom
536446;SMALL CHINESE STYLE SCISSOR;10;01.12.2010 12:15;0,42;15983;United Kingdom
536446;S/6 WOODEN SKITTLES IN COTTON BAG;2;01.12.2010 12:15;2,95;15983;United Kingdom
536446;TRADITIONAL WOODEN SKIPPING ROPE;2;01.12.2010 12:15;1,25;15983;United Kingdom
536446;SET OF 6 SOLDIER SKITTLES;8;01.12.2010 12:15;3,75;15983;United Kingdom
536446;4 TRADITIONAL SPINNING TOPS;6;01.12.2010 12:15;1,25;15983;United Kingdom
536446;ROTATING SILVER ANGELS T-LIGHT HLDR;12;01.12.2010 12:15;2,55;15983;United Kingdom
536446;BLACK LOVE BIRD CANDLE;24;01.12.2010 12:15;1,25;15983;United Kingdom
536446;RETROSPOT CHILDRENS APRON;3;01.12.2010 12:15;1,95;15983;United Kingdom
536446;HANGING GLASS ETCHED TEALIGHT;6;01.12.2010 12:15;1,65;15983;United Kingdom
536446;HANGING GLASS ETCHED TEALIGHT;6;01.12.2010 12:15;1,65;15983;United Kingdom
536446;BLUE NEW BAROQUE CANDLESTICK CANDLE;10;01.12.2010 12:15;2,95;15983;United Kingdom
536446;COOKING SET RETROSPOT;2;01.12.2010 12:15;9,95;15983;United Kingdom
536446;KINGS CHOICE GIANT TUBE MATCHES;4;01.12.2010 12:15;2,55;15983;United Kingdom
536446;COSY HOUR GIANT TUBE MATCHES;4;01.12.2010 12:15;2,55;15983;United Kingdom
536446;PLACE SETTING WHITE STAR;24;01.12.2010 12:15;0,42;15983;United Kingdom
536446;HYACINTH BULB T-LIGHT CANDLES;16;01.12.2010 12:15;0,42;15983;United Kingdom
536446;S/15 SILVER GLASS BAUBLES IN BAG;24;01.12.2010 12:15;1,25;15983;United Kingdom
536460;FRENCH WC SIGN BLUE METAL;12;01.12.2010 12:22;1,25;14849;United Kingdom
536460;KINGS CHOICE GIANT TUBE MATCHES;12;01.12.2010 12:22;2,55;14849;United Kingdom
536460;72 SWEETHEART FAIRY CAKE CASES;24;01.12.2010 12:22;0,55;14849;United Kingdom
536460;ASSORTED COLOUR BIRD ORNAMENT;24;01.12.2010 12:22;1,69;14849;United Kingdom
536460;FAIRY SOAP SOAP HOLDER;12;01.12.2010 12:22;1,69;14849;United Kingdom
536460;GREEN GIANT GARDEN THERMOMETER;2;01.12.2010 12:22;5,95;14849;United Kingdom
536460;IVORY GIANT GARDEN THERMOMETER;4;01.12.2010 12:22;5,95;14849;United Kingdom
536460;BLUE GIANT GARDEN THERMOMETER;2;01.12.2010 12:22;5,95;14849;United Kingdom
536460;PACK OF 60 PINK PAISLEY CAKE CASES;24;01.12.2010 12:22;0,55;14849;United Kingdom
536460;RETROSPOT HEART HOT WATER BOTTLE;6;01.12.2010 12:22;4,95;14849;United Kingdom
536460;CHICK GREY HOT WATER BOTTLE;8;01.12.2010 12:22;3,45;14849;United Kingdom
536460;VICTORIAN SEWING BOX SMALL;2;01.12.2010 12:22;5,95;14849;United Kingdom
536460;VICTORIAN SEWING BOX MEDIUM;2;01.12.2010 12:22;7,95;14849;United Kingdom
536460;SET/10 RED POLKADOT PARTY CANDLES;24;01.12.2010 12:22;1,25;14849;United Kingdom
536463;WASHROOM METAL SIGN;12;01.12.2010 12:22;1,45;14849;United Kingdom
536464;BLACK SWEETHEART BRACELET;2;01.12.2010 12:23;4,25;17968;United Kingdom
536464;DIAMANTE HAIR GRIP PACK/2 BLACK DIA;2;01.12.2010 12:23;1,65;17968;United Kingdom
536464;BLACK DIAMANTE EXPANDABLE RING;2;01.12.2010 12:23;4,25;17968;United Kingdom
536464;DIAMANTE HAIR GRIP PACK/2 RUBY;3;01.12.2010 12:23;1,65;17968;United Kingdom
536464;DIAMANTE HAIR GRIP PACK/2 MONTANA;1;01.12.2010 12:23;1,65;17968;United Kingdom
536464;BLUE SWEETHEART BRACELET;1;01.12.2010 12:23;4,25;17968;United Kingdom
536464;PINK SWEETHEART BRACELET;3;01.12.2010 12:23;4,25;17968;United Kingdom
536464;PURPLE SWEETHEART BRACELET;1;01.12.2010 12:23;4,25;17968;United Kingdom
536464;JUMBO BAG PINK POLKADOT;1;01.12.2010 12:23;1,95;17968;United Kingdom
536464;JUMBO BAG RED RETROSPOT;1;01.12.2010 12:23;1,95;17968;United Kingdom
536464;ASSORTED COLOUR BIRD ORNAMENT;8;01.12.2010 12:23;1,69;17968;United Kingdom
536464;PAPER CHAIN KIT 50'S CHRISTMAS;1;01.12.2010 12:23;2,95;17968;United Kingdom
536464;RIBBON REEL CHRISTMAS PRESENT;1;01.12.2010 12:23;1,65;17968;United Kingdom
536464;FIRST AID TIN;1;01.12.2010 12:23;3,25;17968;United Kingdom
536464;MAKE YOUR OWN MONSOON CARD KIT;2;01.12.2010 12:23;2,95;17968;United Kingdom
536464;PACK OF 12 HEARTS DESIGN TISSUES;1;01.12.2010 12:23;0,29;17968;United Kingdom
536464;PACK OF 12 RED RETROSPOT TISSUES;1;01.12.2010 12:23;0,29;17968;United Kingdom
536464;SOLDIERS EGG CUP;1;01.12.2010 12:23;1,25;17968;United Kingdom
536464;HEART IVORY TRELLIS SMALL;1;01.12.2010 12:23;1,25;17968;United Kingdom
536464;HEART FILIGREE DOVE  SMALL;1;01.12.2010 12:23;1,25;17968;United Kingdom
536464;HEART FILIGREE DOVE LARGE;1;01.12.2010 12:23;1,65;17968;United Kingdom
536464;PACK 3 BOXES BIRD PANNETONE;2;01.12.2010 12:23;1,95;17968;United Kingdom
536464;PACK 3 BOXES CHRISTMAS PANNETONE;6;01.12.2010 12:23;1,95;17968;United Kingdom
536464;SMALL POPCORN HOLDER;5;01.12.2010 12:23;0,85;17968;United Kingdom
536464;PACK OF 60 PINK PAISLEY CAKE CASES;1;01.12.2010 12:23;0,55;17968;United Kingdom
536464;SET OF 6 SOLDIER SKITTLES;1;01.12.2010 12:23;3,75;17968;United Kingdom
536464;SWIRLY CIRCULAR RUBBERS IN BAG;1;01.12.2010 12:23;0,42;17968;United Kingdom
536464;VINTAGE PAISLEY STATIONERY SET;1;01.12.2010 12:23;2,95;17968;United Kingdom
536464;PAPER CHAIN KIT VINTAGE CHRISTMAS;1;01.12.2010 12:23;2,95;17968;United Kingdom
536464;SET/10 BLUE POLKADOT PARTY CANDLES;1;01.12.2010 12:23;1,25;17968;United Kingdom
536464;RIBBON REEL SOCKS AND MITTENS;2;01.12.2010 12:23;1,65;17968;United Kingdom
536464;60 CAKE CASES VINTAGE CHRISTMAS;2;01.12.2010 12:23;0,55;17968;United Kingdom
536464;CHRISTMAS METAL TAGS ASSORTED;6;01.12.2010 12:23;0,85;17968;United Kingdom
536464;CHRISTMAS TREE T-LIGHT HOLDER;2;01.12.2010 12:23;1,45;17968;United Kingdom
536464;STAR  T-LIGHT HOLDER;4;01.12.2010 12:23;1,45;17968;United Kingdom
536464;HEART T-LIGHT HOLDER;2;01.12.2010 12:23;1,45;17968;United Kingdom
536464;MINI FUNKY DESIGN TAPES;2;01.12.2010 12:23;0,85;17968;United Kingdom
536464;SET OF 6 T-LIGHTS SNOWMEN;1;01.12.2010 12:23;2,95;17968;United Kingdom
536464;STAR WOODEN CHRISTMAS DECORATION;1;01.12.2010 12:23;0,85;17968;United Kingdom
536464;WOODEN HEART CHRISTMAS SCANDINAVIAN;1;01.12.2010 12:23;0,85;17968;United Kingdom
536464;CHRISTMAS RETROSPOT TREE WOOD;2;01.12.2010 12:23;0,85;17968;United Kingdom
536464;SET OF 6 T-LIGHTS SANTA;1;01.12.2010 12:23;2,95;17968;United Kingdom
536464;SET/9 CHRISTMAS T-LIGHTS SCENTED;1;01.12.2010 12:23;1,25;17968;United Kingdom
536464;BLUE ROSE FABRIC MIRROR;1;01.12.2010 12:23;1,25;17968;United Kingdom
536464;THREE CANVAS LUGGAGE TAGS;1;01.12.2010 12:23;1,95;17968;United Kingdom
536464;RETROSPOT PARTY BAG + STICKER SET;1;01.12.2010 12:23;1,65;17968;United Kingdom
536464;PLASTERS IN TIN VINTAGE PAISLEY;1;01.12.2010 12:23;1,65;17968;United Kingdom
536464;RETROSPOT SMALL TUBE MATCHES;1;01.12.2010 12:23;1,65;17968;United Kingdom
536464;HAND WARMER SCOTTY DOG DESIGN;1;01.12.2010 12:23;2,1;17968;United Kingdom
536464;3D CHRISTMAS STAMPS STICKERS;2;01.12.2010 12:23;1,25;17968;United Kingdom
536464;HAND WARMER SCOTTY DOG DESIGN;1;01.12.2010 12:23;2,1;17968;United Kingdom
536464;HAND WARMER SCOTTY DOG DESIGN;3;01.12.2010 12:23;2,1;17968;United Kingdom
536464;CLOTHES PEGS RETROSPOT PACK 24;2;01.12.2010 12:23;1,49;17968;United Kingdom
536464;36 FOIL HEART CAKE CASES;1;01.12.2010 12:23;2,1;17968;United Kingdom
536464;CHRISTMAS METAL TAGS ASSORTED;6;01.12.2010 12:23;0,85;17968;United Kingdom
536464;PACK OF 6 SWEETIE GIFT BOXES;1;01.12.2010 12:23;2,55;17968;United Kingdom
536464;PACK OF 72 RETROSPOT CAKE CASES;1;01.12.2010 12:23;0,55;17968;United Kingdom
536464;PACK OF 72 RETROSPOT CAKE CASES;2;01.12.2010 12:23;0,55;17968;United Kingdom
536464;PACK OF 6 BIRDY GIFT TAGS;3;01.12.2010 12:23;1,25;17968;United Kingdom
536464;SET/10 RED POLKADOT PARTY CANDLES;1;01.12.2010 12:23;1,25;17968;United Kingdom
536464;SET/10 PINK POLKADOT PARTY CANDLES;1;01.12.2010 12:23;1,25;17968;United Kingdom
536464;SET OF 3 NOTEBOOKS IN PARCEL;1;01.12.2010 12:23;1,65;17968;United Kingdom
536464;STAR  T-LIGHT HOLDER;1;01.12.2010 12:23;1,45;17968;United Kingdom
536464;CINAMMON SET OF 9 T-LIGHTS;3;01.12.2010 12:23;0,85;17968;United Kingdom
536464;ORANGE SCENTED SET/9 T-LIGHTS;5;01.12.2010 12:23;0,85;17968;United Kingdom
536464;RIBBON REEL STRIPES DESIGN;5;01.12.2010 12:23;1,65;17968;United Kingdom
536464;SET OF 2 TINS JARDIN DE PROVENCE;2;01.12.2010 12:23;4,95;17968;United Kingdom
536464;MAKE YOUR OWN PLAYTIME CARD KIT;1;01.12.2010 12:23;2,95;17968;United Kingdom
536464;DINOSAURS  WRITING SET;1;01.12.2010 12:23;1,65;17968;United Kingdom
536464;BALLOONS  WRITING SET;1;01.12.2010 12:23;1,65;17968;United Kingdom
536464;SKULLS WRITING SET;1;01.12.2010 12:23;1,65;17968;United Kingdom
536464;VINTAGE PAISLEY STATIONERY SET;1;01.12.2010 12:23;2,95;17968;United Kingdom
536464;COSY SLIPPER SHOES SMALL  RED;1;01.12.2010 12:23;2,95;17968;United Kingdom
536464;DOORMAT BLACK FLOCK;1;01.12.2010 12:23;7,95;17968;United Kingdom
536464;JUMBO  BAG BAROQUE BLACK WHITE;1;01.12.2010 12:23;1,95;17968;United Kingdom
536464;JAM MAKING SET WITH JARS;1;01.12.2010 12:23;4,25;17968;United Kingdom
536464;ORANGE SCENTED SET/9 T-LIGHTS;1;01.12.2010 12:23;0,85;17968;United Kingdom
536464;CINAMMON SET OF 9 T-LIGHTS;2;01.12.2010 12:23;0,85;17968;United Kingdom
536464;HAND WARMER SCOTTY DOG DESIGN;1;01.12.2010 12:23;2,1;17968;United Kingdom
536464;CHRISTMAS DECOUPAGE CANDLE;1;01.12.2010 12:23;0,85;17968;United Kingdom
536464;HEART T-LIGHT HOLDER;8;01.12.2010 12:23;1,45;17968;United Kingdom
536464;GROW YOUR OWN BASIL IN ENAMEL MUG;1;01.12.2010 12:23;2,1;17968;United Kingdom
536464;OFFICE MUG WARMER POLKADOT;1;01.12.2010 12:23;2,95;17968;United Kingdom
536464;SMALL POPCORN HOLDER;6;01.12.2010 12:23;0,85;17968;United Kingdom
536464;JUMBO BAG DOLLY GIRL DESIGN;1;01.12.2010 12:23;1,95;17968;United Kingdom
536466;JAM MAKING SET WITH JARS;6;01.12.2010 12:23;4,25;14849;United Kingdom
536466;JAM MAKING SET PRINTED;12;01.12.2010 12:23;1,45;14849;United Kingdom
536477;SMALL GLASS HEART TRINKET POT;48;01.12.2010 12:27;1,85;16210;United Kingdom
536477;RED WOOLLY HOTTIE WHITE HEART.;24;01.12.2010 12:27;3,39;16210;United Kingdom
536477;BLACK RECORD COVER FRAME;480;01.12.2010 12:27;3,39;16210;United Kingdom
"536477;""RECORD FRAME 7"""" SINGLE SIZE"";48;01.12.2010 12:27;2",1;16210;United Kingdom
536477;36 PENCILS TUBE RED RETROSPOT;16;01.12.2010 12:27;1,25;16210;United Kingdom
536477;36 PENCILS TUBE WOODLAND;16;01.12.2010 12:27;1,25;16210;United Kingdom
536477;SET OF 6 SOLDIER SKITTLES;4;01.12.2010 12:27;3,75;16210;United Kingdom
536477;ROCKING HORSE RED CHRISTMAS;96;01.12.2010 12:27;0,72;16210;United Kingdom
536477;CHRISTMAS GINGHAM HEART;144;01.12.2010 12:27;0,72;16210;United Kingdom
536477;CHRISTMAS GINGHAM STAR;144;01.12.2010 12:27;0,72;16210;United Kingdom
536477;HAND WARMER UNION JACK;12;01.12.2010 12:27;2,1;16210;United Kingdom
536477;HAND WARMER RED RETROSPOT;12;01.12.2010 12:27;2,1;16210;United Kingdom
536477;REGENCY CAKESTAND 3 TIER;16;01.12.2010 12:27;10,95;16210;United Kingdom
536477;JUMBO SHOPPER VINTAGE RED PAISLEY;10;01.12.2010 12:27;1,95;16210;United Kingdom
536488;RIBBON REEL SNOWY VILLAGE;5;01.12.2010 12:31;1,65;17897;United Kingdom
536488;VINTAGE UNION JACK BUNTING;1;01.12.2010 12:31;8,5;17897;United Kingdom
536488;JAM MAKING SET WITH JARS;8;01.12.2010 12:31;4,25;17897;United Kingdom
536488;RIBBON REEL STRIPES DESIGN;5;01.12.2010 12:31;1,65;17897;United Kingdom
536488;RETRO LONGBOARD IRONING BOARD COVER;1;01.12.2010 12:31;3,75;17897;United Kingdom
536488;3D DOG PICTURE PLAYING CARDS;1;01.12.2010 12:31;2,95;17897;United Kingdom
536488;RETROSPOT CIGAR BOX MATCHES;1;01.12.2010 12:31;1,25;17897;United Kingdom
536488;SET/9 CHRISTMAS T-LIGHTS SCENTED;2;01.12.2010 12:31;1,25;17897;United Kingdom
536488;ROTATING SILVER ANGELS T-LIGHT HLDR;1;01.12.2010 12:31;2,55;17897;United Kingdom
536488;ROTATING SILVER ANGELS T-LIGHT HLDR;1;01.12.2010 12:31;2,55;17897;United Kingdom
536488;SAVE THE PLANET COTTON TOTE BAG;1;01.12.2010 12:31;2,25;17897;United Kingdom
536488;SET OF 20 VINTAGE CHRISTMAS NAPKINS;1;01.12.2010 12:31;0,85;17897;United Kingdom
536488;PAPER BUNTING WHITE LACE;1;01.12.2010 12:31;2,95;17897;United Kingdom
536488;GENTLEMAN SHIRT REPAIR KIT;2;01.12.2010 12:31;0,85;17897;United Kingdom
536488;CARD I LOVE LONDON;12;01.12.2010 12:31;0,42;17897;United Kingdom
536488;PAPER CHAIN KIT VINTAGE CHRISTMAS;1;01.12.2010 12:31;2,95;17897;United Kingdom
536488;MIRRORED WALL ART FOXY;2;01.12.2010 12:31;6,35;17897;United Kingdom
536488;MIRRORED WALL ART GENTS;1;01.12.2010 12:31;2,55;17897;United Kingdom
536488;AIRLINE BAG VINTAGE JET SET WHITE;1;01.12.2010 12:31;4,25;17897;United Kingdom
536488;JAM MAKING SET PRINTED;1;01.12.2010 12:31;1,45;17897;United Kingdom
536488;POTTING SHED SOW 'N' GROW SET;1;01.12.2010 12:31;4,25;17897;United Kingdom
536488;BABUSHKA LIGHTS STRING OF 10;1;01.12.2010 12:31;6,75;17897;United Kingdom
536488;REX CASH+CARRY JUMBO SHOPPER;1;01.12.2010 12:31;0,95;17897;United Kingdom
536488;AIRLINE BAG VINTAGE WORLD CHAMPION;1;01.12.2010 12:31;4,25;17897;United Kingdom
536488;HAND WARMER BIRD DESIGN;1;01.12.2010 12:31;2,1;17897;United Kingdom
536488;CHRISTMAS CRAFT LITTLE FRIENDS;1;01.12.2010 12:31;2,1;17897;United Kingdom
536488;PINK HEARTS PAPER GARLAND;1;01.12.2010 12:31;1,65;17897;United Kingdom
536488;POTTING SHED SEED ENVELOPES;3;01.12.2010 12:31;1,25;17897;United Kingdom
536488;HI TEC ALPINE HAND WARMER;3;01.12.2010 12:31;1,65;17897;United Kingdom
536488;FELTCRAFT CHRISTMAS FAIRY;1;01.12.2010 12:31;4,25;17897;United Kingdom
536488;HI TEC ALPINE HAND WARMER;1;01.12.2010 12:31;1,65;17897;United Kingdom
536488;ROTATING SILVER ANGELS T-LIGHT HLDR;3;01.12.2010 12:31;2,55;17897;United Kingdom
536488;3 STRIPEY MICE FELTCRAFT;1;01.12.2010 12:31;1,95;17897;United Kingdom
536488;FELTCRAFT 6 FLOWER FRIENDS;2;01.12.2010 12:31;2,1;17897;United Kingdom
536488;CHRISTMAS CRAFT LITTLE FRIENDS;2;01.12.2010 12:31;2,1;17897;United Kingdom
536500;VINTAGE UNION JACK CUSHION COVER;10;01.12.2010 12:35;4,95;17377;United Kingdom
536500;POLYESTER FILLER PAD 45x45cm;10;01.12.2010 12:35;1,55;17377;United Kingdom
536500;DOLLY GIRL LUNCH BOX;2;01.12.2010 12:35;1,95;17377;United Kingdom
536500;PACK OF 12 LONDON TISSUES;12;01.12.2010 12:35;0,29;17377;United Kingdom
536500;CARD DOLLY GIRL;12;01.12.2010 12:35;0,42;17377;United Kingdom
536500;CARD BILLBOARD FONT;12;01.12.2010 12:35;0,42;17377;United Kingdom
536500;RAINY LADIES BIRTHDAY CARD;12;01.12.2010 12:35;0,42;17377;United Kingdom
536500;GREY HEART HOT WATER BOTTLE;3;01.12.2010 12:35;3,75;17377;United Kingdom
536500;RED WOOLLY HOTTIE WHITE HEART.;2;01.12.2010 12:35;3,75;17377;United Kingdom
536500;RED WHITE SCARF  HOT WATER BOTTLE;2;01.12.2010 12:35;3,95;17377;United Kingdom
536500;SET 2 TEA TOWELS I LOVE LONDON;7;01.12.2010 12:35;2,95;17377;United Kingdom
536500;SET OF 2 TEA TOWELS APPLE AND PEARS;3;01.12.2010 12:35;2,95;17377;United Kingdom
536500;SET/2 RED RETROSPOT TEA TOWELS;3;01.12.2010 12:35;2,95;17377;United Kingdom
536500;LOVE BUILDING BLOCK WORD;6;01.12.2010 12:35;5,95;17377;United Kingdom
536500;HOME BUILDING BLOCK WORD;6;01.12.2010 12:35;5,95;17377;United Kingdom
536502;ASSORTED COLOUR BIRD ORNAMENT;16;01.12.2010 12:36;1,69;16552;United Kingdom
536502;LANTERN CREAM GAZEBO;3;01.12.2010 12:36;4,95;16552;United Kingdom
536502;BLUE BIRDHOUSE DECORATION;12;01.12.2010 12:36;0,85;16552;United Kingdom
536502;WHITE HANGING HEART T-LIGHT HOLDER;6;01.12.2010 12:36;2,95;16552;United Kingdom
536502;REGENCY CAKESTAND 3 TIER;2;01.12.2010 12:36;12,75;16552;United Kingdom
536508;ANTIQUE SILVER TEA GLASS ENGRAVED;72;01.12.2010 12:38;1,06;17181;United Kingdom
536508;AGED GLASS SILVER T-LIGHT HOLDER;144;01.12.2010 12:38;0,55;17181;United Kingdom
536514;HAND WARMER OWL DESIGN;36;01.12.2010 12:40;2,1;17951;United Kingdom
536514;SET OF 2 WOODEN MARKET CRATES;4;01.12.2010 12:40;12,75;17951;United Kingdom
536514;SET OF 6 T-LIGHTS TOADSTOOLS;6;01.12.2010 12:40;2,95;17951;United Kingdom
536514;HAND WARMER UNION JACK;36;01.12.2010 12:40;2,1;17951;United Kingdom
536514;HAND WARMER SCOTTY DOG DESIGN;36;01.12.2010 12:40;2,1;17951;United Kingdom
536520;CLASSIC FRENCH STYLE BASKET NATURAL;1;01.12.2010 12:43;6,75;14729;United Kingdom
536520;CRAZY DAISY HEART DECORATION;1;01.12.2010 12:43;1,25;14729;United Kingdom
536520;GIN + TONIC DIET METAL SIGN;1;01.12.2010 12:43;2,1;14729;United Kingdom
536520;IVORY GIANT GARDEN THERMOMETER;1;01.12.2010 12:43;5,95;14729;United Kingdom
536520;CARD HOLDER GINGHAM HEART;2;01.12.2010 12:43;2,55;14729;United Kingdom
536520;SMALL STRIPES CHOCOLATE GIFT BAG;16;01.12.2010 12:43;0,85;14729;United Kingdom
536520;S/6 WOODEN SKITTLES IN COTTON BAG;1;01.12.2010 12:43;2,95;14729;United Kingdom
536520;HAND WARMER RED RETROSPOT;4;01.12.2010 12:43;2,1;14729;United Kingdom
536520;HAND WARMER UNION JACK;3;01.12.2010 12:43;2,1;14729;United Kingdom
536520;FRENCH WC SIGN BLUE METAL;1;01.12.2010 12:43;1,25;14729;United Kingdom
536520;PINK UNION JACK  LUGGAGE TAG;1;01.12.2010 12:43;1,25;14729;United Kingdom
536520;TRAY, BREAKFAST IN BED;1;01.12.2010 12:43;12
536520;PIZZA PLATE IN BOX;2;01.12.2010 12:43;3,75;14729;United Kingdom
536520;HEART OF WICKER LARGE;1;01.12.2010 12:43;2,95;14729;United Kingdom
536520;PINK HEART DOTS HOT WATER BOTTLE;1;01.12.2010 12:43;3,75;14729;United Kingdom
536520;PLACE SETTING WHITE HEART;14;01.12.2010 12:43;0,42;14729;United Kingdom
536520;SET OF 4 NAPKIN CHARMS LEAVES;4;01.12.2010 12:43;2,55;14729;United Kingdom
536520;SET OF 4 NAPKIN CHARMS STARS;4;01.12.2010 12:43;2,55;14729;United Kingdom
536520;SET OF 4 NAPKIN CHARMS CUTLERY;3;01.12.2010 12:43;2,55;14729;United Kingdom
536520;CARAVAN SQUARE TISSUE BOX;2;01.12.2010 12:43;1,25;14729;United Kingdom
536520;PLASTERS IN TIN SKULLS;1;01.12.2010 12:43;1,65;14729;United Kingdom
536520;PLASTERS IN TIN SPACEBOY;1;01.12.2010 12:43;1,65;14729;United Kingdom
536520;BUTTON BOX;1;01.12.2010 12:43;1,95;14729;United Kingdom
536520;PLASTERS IN TIN VINTAGE PAISLEY;2;01.12.2010 12:43;1,65;14729;United Kingdom
536520;12 MESSAGE CARDS WITH ENVELOPES;6;01.12.2010 12:43;1,65;14729;United Kingdom
536520;SMALL RED BABUSHKA NOTEBOOK;1;01.12.2010 12:43;0,85;14729;United Kingdom
536520;CUPCAKE LACE PAPER SET 6;5;01.12.2010 12:43;1,95;14729;United Kingdom
536520;PACK 3 BOXES CHRISTMAS PANNETONE;3;01.12.2010 12:43;1,95;14729;United Kingdom
536520;HERB MARKER MINT;2;01.12.2010 12:43;0,65;14729;United Kingdom
536520;HERB MARKER ROSEMARY;1;01.12.2010 12:43;0,65;14729;United Kingdom
536520;HERB MARKER BASIL;3;01.12.2010 12:43;0,65;14729;United Kingdom
536520;HERB MARKER CHIVES;2;01.12.2010 12:43;0,65;14729;United Kingdom
536520;HERB MARKER PARSLEY;2;01.12.2010 12:43;0,65;14729;United Kingdom
536520;HERB MARKER THYME;1;01.12.2010 12:43;0,65;14729;United Kingdom
536520;WHITE HANGING HEART T-LIGHT HOLDER;3;01.12.2010 12:43;2,95;14729;United Kingdom
536520;METAL MERRY CHRISTMAS WREATH;1;01.12.2010 12:43;1,95;14729;United Kingdom
536520;WHITE CHRISTMAS GARLAND STARS TREES;3;01.12.2010 12:43;3,75;14729;United Kingdom
536520;RETROSPOT SMALL TUBE MATCHES;12;01.12.2010 12:43;1,65;14729;United Kingdom
536520;RETROSPOT GIANT TUBE MATCHES;3;01.12.2010 12:43;2,55;14729;United Kingdom
536520;PLACE SETTING WHITE STAR;12;01.12.2010 12:43;0,42;14729;United Kingdom
536520;GROW YOUR OWN BASIL IN ENAMEL MUG;1;01.12.2010 12:43;2,1;14729;United Kingdom
536520;36 FOIL STAR CAKE CASES;2;01.12.2010 12:43;2,1;14729;United Kingdom
536520;36 FOIL HEART CAKE CASES;2;01.12.2010 12:43;2,1;14729;United Kingdom
536520;PACK OF 6 SWEETIE GIFT BOXES;2;01.12.2010 12:43;2,55;14729;United Kingdom
536520;PACK OF 6 HANDBAG GIFT BOXES;3;01.12.2010 12:43;2,55;14729;United Kingdom
536520;GARLAND WOODEN HAPPY EASTER;2;01.12.2010 12:43;1,25;14729;United Kingdom
536520;CALENDAR PAPER CUT DESIGN;3;01.12.2010 12:43;2,95;14729;United Kingdom
536520;CALENDAR IN SEASON DESIGN;2;01.12.2010 12:43;2,95;14729;United Kingdom
536520;SMALL POPCORN HOLDER;3;01.12.2010 12:43;0,85;14729;United Kingdom
536520;BLUE PAISLEY TISSUE BOX;1;01.12.2010 12:43;1,25;14729;United Kingdom
536520;HEART OF WICKER SMALL;1;01.12.2010 12:43;1,65;14729;United Kingdom
536520;SKULLS SQUARE TISSUE BOX;1;01.12.2010 12:43;1,25;14729;United Kingdom
536520;PINK PAISLEY SQUARE TISSUE BOX;1;01.12.2010 12:43;1,25;14729;United Kingdom
536520;PACK OF 6 HANDBAG GIFT BOXES;1;01.12.2010 12:43;2,55;14729;United Kingdom
536520;TOAST ITS - HAPPY BIRTHDAY;2;01.12.2010 12:43;1,25;14729;United Kingdom
536520;SET/10 IVORY POLKADOT PARTY CANDLES;1;01.12.2010 12:43;1,25;14729;United Kingdom
536520;SET/10 BLUE POLKADOT PARTY CANDLES;1;01.12.2010 12:43;1,25;14729;United Kingdom
536520;SET/10 PINK POLKADOT PARTY CANDLES;1;01.12.2010 12:43;1,25;14729;United Kingdom
536520;SET OF 3 HEART COOKIE CUTTERS;1;01.12.2010 12:43;1,25;14729;United Kingdom
536520;PACK OF 12 HEARTS DESIGN TISSUES;12;01.12.2010 12:43;0,29;14729;United Kingdom
536520;SKULLS STORAGE BOX SMALL;2;01.12.2010 12:43;2,1;14729;United Kingdom
536520;REX CASH+CARRY JUMBO SHOPPER;2;01.12.2010 12:43;0,95;14729;United Kingdom
536520;JUMBO STORAGE BAG SKULLS;1;01.12.2010 12:43;1,95;14729;United Kingdom
536520;GARDEN PATH JOURNAL;1;01.12.2010 12:43;2,55;14729;United Kingdom
536520;HEART OF WICKER SMALL;2;01.12.2010 12:43;1,65;14729;United Kingdom
